-- Read a.xtuml on the UserPostOoaInitializationCalloutf command line.
INSERT INTO O_OBJ VALUES ( 57,'Group',1,'Group','',0 );
INSERT INTO O_OBJ VALUES ( 61,'Group_For_Session',2,'Group_For_Session','',0 );
INSERT INTO O_OBJ VALUES ( 64,'Group_Operation',3,'Group_Operation','',0 );
INSERT INTO O_OBJ VALUES ( 67,'Operation',4,'Operation','',0 );
INSERT INTO O_OBJ VALUES ( 70,'Session',5,'Session','',0 );
INSERT INTO O_OBJ VALUES ( 90,'Session_Specification',6,'Session_Specification','',0 );
INSERT INTO O_OBJ VALUES ( 95,'User',7,'User','',0 );
INSERT INTO O_OBJ VALUES ( 101,'Workstation',8,'Workstation','',0 );
INSERT INTO O_OBJ VALUES ( 104,'Session_Operation',9,'Session_Operation','',0 );
INSERT INTO O_ATTR VALUES ( 58,57,0,'group_id','','','group_id',0,59,'','' );
INSERT INTO O_ATTR VALUES ( 60,57,58,'group_name','','','group_name',0,9,'','' );
INSERT INTO O_ATTR VALUES ( 62,61,0,'group_id','','','group_id',0,59,'','' );
INSERT INTO O_ATTR VALUES ( 63,61,62,'session_id','','','session_id',0,59,'','' );
INSERT INTO O_ATTR VALUES ( 65,64,0,'operation_id','','','operation_id',0,59,'','' );
INSERT INTO O_ATTR VALUES ( 66,64,65,'group_id','','','group_id',0,59,'','' );
INSERT INTO O_ATTR VALUES ( 68,67,0,'operation_id','','','operation_id',0,59,'','' );
INSERT INTO O_ATTR VALUES ( 69,67,68,'operation_name','','','operation_name',0,9,'','' );
INSERT INTO O_ATTR VALUES ( 74,70,0,'session_id','','','session_id',0,59,'','' );
INSERT INTO O_ATTR VALUES ( 75,70,74,'logon_time','','','logon_time',0,76,'','' );
INSERT INTO O_ATTR VALUES ( 77,70,75,'session_heartbeat_timer','','','session_heartbeat_timer',0,78,'','' );
INSERT INTO O_ATTR VALUES ( 79,70,77,'session_heartbeat_failure','','','session_heartbeat_failure',0,59,'','' );
INSERT INTO O_ATTR VALUES ( 80,70,79,'workstation_id','','','workstation_id',0,59,'','' );
INSERT INTO O_ATTR VALUES ( 81,70,80,'user_id','','','user_id',0,59,'','' );
INSERT INTO O_ATTR VALUES ( 82,70,81,'access_specification_id','','','access_specification_id',0,59,'','' );
INSERT INTO O_ATTR VALUES ( 83,70,82,'has_timed_out','','','has_timed_out',0,7,'','' );
INSERT INTO O_ATTR VALUES ( 84,70,83,'login_name','','','login_name',0,9,'','' );
INSERT INTO O_ATTR VALUES ( 85,70,84,'current_state','','','current_state',0,9,'','' );
INSERT INTO O_ATTR VALUES ( 91,90,0,'access_specification_id','','','access_specification_id',0,59,'','' );
INSERT INTO O_ATTR VALUES ( 92,90,91,'session_heartbeat_time','','','session_heartbeat_time',0,93,'','' );
INSERT INTO O_ATTR VALUES ( 94,90,92,'session_heartbeat_failure_threshold','','','session_heartbeat_failure_threshold',0,59,'','' );
INSERT INTO O_ATTR VALUES ( 96,95,0,'user_id','','','user_id',0,59,'','' );
INSERT INTO O_ATTR VALUES ( 97,95,96,'login_name','','','login_name',0,9,'','' );
INSERT INTO O_ATTR VALUES ( 98,95,97,'user_name','','','user_name',0,9,'','' );
INSERT INTO O_ATTR VALUES ( 99,95,98,'is_logged_on','','','is_logged_on',0,100,'','' );
INSERT INTO O_ATTR VALUES ( 102,101,0,'workstation_id','','','workstation_id',0,59,'','' );
INSERT INTO O_ATTR VALUES ( 103,101,102,'workstation_hostname','','','workstation_hostname',0,9,'','' );
INSERT INTO O_ATTR VALUES ( 105,104,0,'operation_id','','','operation_id',0,59,'','' );
INSERT INTO O_ATTR VALUES ( 106,104,105,'session_id','','','session_id',0,59,'','' );
INSERT INTO O_ID VALUES ( 0,57 );
INSERT INTO O_ID VALUES ( 1,57 );
INSERT INTO O_ID VALUES ( 2,57 );
INSERT INTO O_ID VALUES ( 0,61 );
INSERT INTO O_ID VALUES ( 1,61 );
INSERT INTO O_ID VALUES ( 2,61 );
INSERT INTO O_ID VALUES ( 0,64 );
INSERT INTO O_ID VALUES ( 1,64 );
INSERT INTO O_ID VALUES ( 2,64 );
INSERT INTO O_ID VALUES ( 0,67 );
INSERT INTO O_ID VALUES ( 1,67 );
INSERT INTO O_ID VALUES ( 2,67 );
INSERT INTO O_ID VALUES ( 0,70 );
INSERT INTO O_ID VALUES ( 1,70 );
INSERT INTO O_ID VALUES ( 2,70 );
INSERT INTO O_ID VALUES ( 0,90 );
INSERT INTO O_ID VALUES ( 1,90 );
INSERT INTO O_ID VALUES ( 2,90 );
INSERT INTO O_ID VALUES ( 0,95 );
INSERT INTO O_ID VALUES ( 1,95 );
INSERT INTO O_ID VALUES ( 2,95 );
INSERT INTO O_ID VALUES ( 0,101 );
INSERT INTO O_ID VALUES ( 1,101 );
INSERT INTO O_ID VALUES ( 2,101 );
INSERT INTO O_ID VALUES ( 0,104 );
INSERT INTO O_ID VALUES ( 1,104 );
INSERT INTO O_ID VALUES ( 2,104 );
INSERT INTO O_BATTR VALUES ( 58,57 );
INSERT INTO O_BATTR VALUES ( 60,57 );
INSERT INTO O_BATTR VALUES ( 62,61 );
INSERT INTO O_BATTR VALUES ( 63,61 );
INSERT INTO O_BATTR VALUES ( 65,64 );
INSERT INTO O_BATTR VALUES ( 66,64 );
INSERT INTO O_BATTR VALUES ( 68,67 );
INSERT INTO O_BATTR VALUES ( 69,67 );
INSERT INTO O_BATTR VALUES ( 74,70 );
INSERT INTO O_BATTR VALUES ( 75,70 );
INSERT INTO O_BATTR VALUES ( 77,70 );
INSERT INTO O_BATTR VALUES ( 79,70 );
INSERT INTO O_BATTR VALUES ( 80,70 );
INSERT INTO O_BATTR VALUES ( 81,70 );
INSERT INTO O_BATTR VALUES ( 82,70 );
INSERT INTO O_BATTR VALUES ( 83,70 );
INSERT INTO O_BATTR VALUES ( 84,70 );
INSERT INTO O_BATTR VALUES ( 85,70 );
INSERT INTO O_BATTR VALUES ( 91,90 );
INSERT INTO O_BATTR VALUES ( 92,90 );
INSERT INTO O_BATTR VALUES ( 94,90 );
INSERT INTO O_BATTR VALUES ( 96,95 );
INSERT INTO O_BATTR VALUES ( 97,95 );
INSERT INTO O_BATTR VALUES ( 98,95 );
INSERT INTO O_BATTR VALUES ( 99,95 );
INSERT INTO O_BATTR VALUES ( 102,101 );
INSERT INTO O_BATTR VALUES ( 103,101 );
INSERT INTO O_BATTR VALUES ( 105,104 );
INSERT INTO O_BATTR VALUES ( 106,104 );
INSERT INTO O_NBATTR VALUES ( 58,57 );
INSERT INTO O_NBATTR VALUES ( 60,57 );
INSERT INTO O_NBATTR VALUES ( 62,61 );
INSERT INTO O_NBATTR VALUES ( 63,61 );
INSERT INTO O_NBATTR VALUES ( 65,64 );
INSERT INTO O_NBATTR VALUES ( 66,64 );
INSERT INTO O_NBATTR VALUES ( 68,67 );
INSERT INTO O_NBATTR VALUES ( 69,67 );
INSERT INTO O_NBATTR VALUES ( 74,70 );
INSERT INTO O_NBATTR VALUES ( 75,70 );
INSERT INTO O_NBATTR VALUES ( 77,70 );
INSERT INTO O_NBATTR VALUES ( 79,70 );
INSERT INTO O_NBATTR VALUES ( 80,70 );
INSERT INTO O_NBATTR VALUES ( 81,70 );
INSERT INTO O_NBATTR VALUES ( 82,70 );
INSERT INTO O_NBATTR VALUES ( 83,70 );
INSERT INTO O_NBATTR VALUES ( 84,70 );
INSERT INTO O_NBATTR VALUES ( 85,70 );
INSERT INTO O_NBATTR VALUES ( 91,90 );
INSERT INTO O_NBATTR VALUES ( 92,90 );
INSERT INTO O_NBATTR VALUES ( 94,90 );
INSERT INTO O_NBATTR VALUES ( 96,95 );
INSERT INTO O_NBATTR VALUES ( 97,95 );
INSERT INTO O_NBATTR VALUES ( 98,95 );
INSERT INTO O_NBATTR VALUES ( 99,95 );
INSERT INTO O_NBATTR VALUES ( 102,101 );
INSERT INTO O_NBATTR VALUES ( 103,101 );
INSERT INTO O_NBATTR VALUES ( 105,104 );
INSERT INTO O_NBATTR VALUES ( 106,104 );
INSERT INTO S_CDT VALUES ( 287,0 );
INSERT INTO S_CDT VALUES ( 288,1 );
INSERT INTO S_CDT VALUES ( 289,2 );
INSERT INTO S_CDT VALUES ( 290,3 );
INSERT INTO S_CDT VALUES ( 291,4 );
INSERT INTO S_CDT VALUES ( 292,5 );
INSERT INTO S_CDT VALUES ( 293,6 );
INSERT INTO S_CDT VALUES ( 294,7 );
INSERT INTO S_CDT VALUES ( 295,8 );
INSERT INTO S_CDT VALUES ( 296,9 );
INSERT INTO S_CDT VALUES ( 297,10 );
INSERT INTO S_CDT VALUES ( 298,11 );
INSERT INTO S_CDT VALUES ( 299,12 );
INSERT INTO S_CDT VALUES ( 300,13 );
INSERT INTO O_TFR VALUES ( 71,70,'delete_session','',3,1,'',1,'',0 );
INSERT INTO S_UDT VALUES ( 3,4,0 );
INSERT INTO S_UDT VALUES ( 5,4,0 );
INSERT INTO S_UDT VALUES ( 6,4,0 );
INSERT INTO S_UDT VALUES ( 7,4,0 );
INSERT INTO S_UDT VALUES ( 8,4,0 );
INSERT INTO S_UDT VALUES ( 9,4,0 );
INSERT INTO S_UDT VALUES ( 10,4,0 );
INSERT INTO S_UDT VALUES ( 11,4,0 );
INSERT INTO S_UDT VALUES ( 12,4,0 );
INSERT INTO S_UDT VALUES ( 13,4,0 );
INSERT INTO S_UDT VALUES ( 14,4,0 );
INSERT INTO S_UDT VALUES ( 100,4,0 );
INSERT INTO S_UDT VALUES ( 127,4,0 );
INSERT INTO S_UDT VALUES ( 59,4,0 );
INSERT INTO S_UDT VALUES ( 135,4,0 );
INSERT INTO S_UDT VALUES ( 286,4,0 );
INSERT INTO S_UDT VALUES ( 76,4,0 );
INSERT INTO S_UDT VALUES ( 262,4,0 );
INSERT INTO S_UDT VALUES ( 93,4,0 );
INSERT INTO S_UDT VALUES ( 78,4,0 );
INSERT INTO S_UDT VALUES ( 301,298,1 );
INSERT INTO S_UDT VALUES ( 302,299,3 );
INSERT INTO S_UDT VALUES ( 303,298,2 );
INSERT INTO S_UDT VALUES ( 4,291,0 );
INSERT INTO EP_PKG VALUES ( 2,1,1,'types','',0 );
INSERT INTO EP_PKG VALUES ( 15,1,1,'SAC','',0 );
INSERT INTO EP_PKG VALUES ( 56,0,1,'SAC','',0 );
INSERT INTO EP_PKG VALUES ( 126,0,1,'types','',0 );
INSERT INTO EP_PKG VALUES ( 128,0,1,'functions','',0 );
INSERT INTO EP_PKG VALUES ( 285,0,1,'Shared','',0 );
INSERT INTO S_SYNC VALUES ( 129,0,'user_logon','','',3,1,'' );
INSERT INTO S_SYNC VALUES ( 138,0,'user_logoff','','',3,1,'' );
INSERT INTO S_SYNC VALUES ( 144,0,'add_group','','',3,1,'' );
INSERT INTO S_SYNC VALUES ( 148,0,'add_operation_to_group','','',3,1,'' );
INSERT INTO S_SYNC VALUES ( 153,0,'session_active','','',3,1,'' );
INSERT INTO S_SYNC VALUES ( 159,0,'delete_group','','',3,1,'' );
INSERT INTO S_SYNC VALUES ( 163,0,'delete_group_operation','','',3,1,'' );
INSERT INTO S_SYNC VALUES ( 168,0,'populate_domain','','',3,1,'' );
INSERT INTO S_SYNC VALUES ( 172,0,'resend_infos','','',3,1,'' );
INSERT INTO S_SYNC VALUES ( 175,0,'login_valid','','',3,1,'' );
INSERT INTO S_SYNC VALUES ( 184,0,'report_user','','',3,1,'' );
INSERT INTO S_SYNC VALUES ( 191,0,'user_removed','','',3,1,'' );
INSERT INTO S_SYNC VALUES ( 196,0,'report_user_session','','',3,1,'' );
INSERT INTO S_SYNC VALUES ( 205,0,'user_session_deleted','','',3,1,'' );
INSERT INTO S_SYNC VALUES ( 209,0,'report_group','','',3,1,'' );
INSERT INTO S_SYNC VALUES ( 213,0,'group_deleted','','',3,1,'' );
INSERT INTO S_SYNC VALUES ( 217,0,'report_group_operation','','',3,1,'' );
INSERT INTO S_SYNC VALUES ( 222,0,'group_operation_removed','','',3,1,'' );
INSERT INTO S_SYNC VALUES ( 227,0,'report_user_operation','','',3,1,'' );
INSERT INTO S_SYNC VALUES ( 234,0,'user_operation_removed','','',3,1,'' );
INSERT INTO S_SYNC VALUES ( 241,0,'report_user_group','','',3,1,'' );
INSERT INTO S_SYNC VALUES ( 248,0,'user_group_removed','','',3,1,'' );
INSERT INTO S_SYNC VALUES ( 255,0,'raise_notification','','',3,1,'' );
INSERT INTO S_SYNC VALUES ( 260,0,'get_groups','','',3,1,'' );
INSERT INTO S_SYNC VALUES ( 265,0,'get_session_specification','','',3,1,'' );
INSERT INTO S_SYNC VALUES ( 270,0,'reload_config_files','','',3,1,'' );
INSERT INTO S_SYNC VALUES ( 273,0,'populate_domain_1','','',3,1,'' );
INSERT INTO S_SYNC VALUES ( 276,0,'soa_subscribe_2','','',3,1,'' );
INSERT INTO S_SYNC VALUES ( 279,0,'resend_infos_3','','',3,1,'' );
INSERT INTO S_SYNC VALUES ( 282,0,'test_SAC_1','','',3,1,'' );
INSERT INTO S_SPARM VALUES ( 130,129,'user_id',59,0,'',131,'' );
INSERT INTO S_SPARM VALUES ( 131,129,'login_name',9,0,'',132,'' );
INSERT INTO S_SPARM VALUES ( 133,129,'user_name',9,0,'',130,'' );
INSERT INTO S_SPARM VALUES ( 134,129,'workstation_hostname',9,0,'',133,'' );
INSERT INTO S_SPARM VALUES ( 132,129,'groups',135,0,'',0,'' );
INSERT INTO S_SPARM VALUES ( 139,138,'session_id',59,0,'',140,'' );
INSERT INTO S_SPARM VALUES ( 141,138,'user_id',59,0,'',139,'' );
INSERT INTO S_SPARM VALUES ( 140,138,'login_name',9,0,'',0,'' );
INSERT INTO S_SPARM VALUES ( 145,144,'group_name',9,0,'',0,'' );
INSERT INTO S_SPARM VALUES ( 149,148,'group_name',9,0,'',0,'' );
INSERT INTO S_SPARM VALUES ( 150,148,'operations',135,0,'',149,'' );
INSERT INTO S_SPARM VALUES ( 154,153,'session_id',59,0,'',155,'' );
INSERT INTO S_SPARM VALUES ( 156,153,'user_id',59,0,'',154,'' );
INSERT INTO S_SPARM VALUES ( 155,153,'login_name',9,0,'',0,'' );
INSERT INTO S_SPARM VALUES ( 160,159,'group_name',9,0,'',0,'' );
INSERT INTO S_SPARM VALUES ( 164,163,'group_name',9,0,'',0,'' );
INSERT INTO S_SPARM VALUES ( 165,163,'operations',135,0,'',164,'' );
INSERT INTO S_SPARM VALUES ( 169,168,'reload_config_files',7,0,'',0,'' );
INSERT INTO S_SPARM VALUES ( 176,175,'session_id',59,0,'',177,'' );
INSERT INTO S_SPARM VALUES ( 178,175,'user_id',59,0,'',176,'' );
INSERT INTO S_SPARM VALUES ( 179,175,'is_valid',7,0,'',180,'' );
INSERT INTO S_SPARM VALUES ( 180,175,'failure_reason',9,0,'',0,'' );
INSERT INTO S_SPARM VALUES ( 181,175,'workstation_hostname',9,0,'',178,'' );
INSERT INTO S_SPARM VALUES ( 177,175,'login_name',9,0,'',179,'' );
INSERT INTO S_SPARM VALUES ( 185,184,'user_id',59,0,'',186,'' );
INSERT INTO S_SPARM VALUES ( 186,184,'login_name',9,0,'',187,'' );
INSERT INTO S_SPARM VALUES ( 188,184,'user_name',9,0,'',185,'' );
INSERT INTO S_SPARM VALUES ( 187,184,'logged_on',100,0,'',0,'' );
INSERT INTO S_SPARM VALUES ( 192,191,'user_id',59,0,'',193,'' );
INSERT INTO S_SPARM VALUES ( 193,191,'login_name',9,0,'',0,'' );
INSERT INTO S_SPARM VALUES ( 197,196,'session_id',59,0,'',198,'' );
INSERT INTO S_SPARM VALUES ( 199,196,'user_id',59,0,'',200,'' );
INSERT INTO S_SPARM VALUES ( 198,196,'login_time',76,0,'',201,'' );
INSERT INTO S_SPARM VALUES ( 200,196,'session_timed_out',7,0,'',197,'' );
INSERT INTO S_SPARM VALUES ( 202,196,'workstation_hostname',9,0,'',199,'' );
INSERT INTO S_SPARM VALUES ( 201,196,'login_name',9,0,'',0,'' );
INSERT INTO S_SPARM VALUES ( 206,205,'session_id',59,0,'',0,'' );
INSERT INTO S_SPARM VALUES ( 210,209,'group_name',9,0,'',0,'' );
INSERT INTO S_SPARM VALUES ( 214,213,'group_name',9,0,'',0,'' );
INSERT INTO S_SPARM VALUES ( 218,217,'group_name',9,0,'',0,'' );
INSERT INTO S_SPARM VALUES ( 219,217,'operation_name',9,0,'',218,'' );
INSERT INTO S_SPARM VALUES ( 223,222,'group_name',9,0,'',0,'' );
INSERT INTO S_SPARM VALUES ( 224,222,'operation_name',9,0,'',223,'' );
INSERT INTO S_SPARM VALUES ( 228,227,'user_id',59,0,'',229,'' );
INSERT INTO S_SPARM VALUES ( 230,227,'operation_name',9,0,'',231,'' );
INSERT INTO S_SPARM VALUES ( 231,227,'login_name',9,0,'',0,'' );
INSERT INTO S_SPARM VALUES ( 229,227,'session_id',59,0,'',230,'' );
INSERT INTO S_SPARM VALUES ( 235,234,'user_id',59,0,'',236,'' );
INSERT INTO S_SPARM VALUES ( 237,234,'operation_name',9,0,'',238,'' );
INSERT INTO S_SPARM VALUES ( 238,234,'login_name',9,0,'',0,'' );
INSERT INTO S_SPARM VALUES ( 236,234,'session_id',59,0,'',237,'' );
INSERT INTO S_SPARM VALUES ( 242,241,'uid',59,0,'',243,'' );
INSERT INTO S_SPARM VALUES ( 244,241,'group_name',9,0,'',0,'' );
INSERT INTO S_SPARM VALUES ( 245,241,'login_name',9,0,'',244,'' );
INSERT INTO S_SPARM VALUES ( 243,241,'session_id',59,0,'',245,'' );
INSERT INTO S_SPARM VALUES ( 249,248,'uid',59,0,'',250,'' );
INSERT INTO S_SPARM VALUES ( 251,248,'group_name',9,0,'',0,'' );
INSERT INTO S_SPARM VALUES ( 252,248,'login_name',9,0,'',251,'' );
INSERT INTO S_SPARM VALUES ( 250,248,'session_id',59,0,'',252,'' );
INSERT INTO S_SPARM VALUES ( 256,255,'condition_description',9,0,'',0,'' );
INSERT INTO S_SPARM VALUES ( 257,255,'condition_name',9,0,'',256,'' );
INSERT INTO S_SPARM VALUES ( 261,260,'groups',262,0,'',0,'' );
INSERT INTO S_SPARM VALUES ( 266,265,'heartbeat_time',93,0,'',267,'' );
INSERT INTO S_SPARM VALUES ( 267,265,'heartbeat_failure_threshold',59,0,'',0,'' );
INSERT INTO S_SYS VALUES ( 1,'adfadfak',1 );
INSERT INTO TE_OIR VALUES ( 'Session_Operation_R5','assr','','',0,0,125,104,122 );
INSERT INTO TE_OIR VALUES ( 'Operation_R5_has_been_allowed_for','aoth','','has_been_allowed_for',1,0,124,67,122 );
INSERT INTO TE_OIR VALUES ( 'Session_R5_has_allowed','aone','','has_allowed',1,0,123,70,122 );
INSERT INTO TE_OIR VALUES ( 'Session_R4_rules_are_defined_by','part','','rules_are_defined_by',0,0,121,70,119 );
INSERT INTO TE_OIR VALUES ( 'Session_Specification_R4_defines_rules_for','form','','defines_rules_for',1,0,120,90,119 );
INSERT INTO TE_OIR VALUES ( 'Group_For_Session_R2','assr','','',0,0,118,61,115 );
INSERT INTO TE_OIR VALUES ( 'Group_R2_current_members_are','aoth','','current_members_are',1,0,117,57,115 );
INSERT INTO TE_OIR VALUES ( 'Session_R2_is_member_of','aone','','is_member_of',1,0,116,70,115 );
INSERT INTO TE_OIR VALUES ( 'Session_R3','assr','','',0,0,114,70,111 );
INSERT INTO TE_OIR VALUES ( 'Workstation_R3_is_being_used_by','aoth','','is_being_used_by',0,0,113,101,111 );
INSERT INTO TE_OIR VALUES ( 'User_R3_is_logged_on_to','aone','','is_logged_on_to',1,0,112,95,111 );
INSERT INTO TE_OIR VALUES ( 'Group_Operation_R1','assr','','',0,0,110,64,107 );
INSERT INTO TE_OIR VALUES ( 'Operation_R1_can_be_performed_by','aoth','','can_be_performed_by',1,0,109,67,107 );
INSERT INTO TE_OIR VALUES ( 'Group_R1_can_perform','aone','','can_perform',1,0,108,57,107 );
INSERT INTO TE_SYS VALUES ( 1,'','',32,0,0,0,0,0,0,0,0,0,0,0,0,0,128,128,0,0,'','adfadfak',0,0,'sc_interface',0,0,0,1 );
INSERT INTO TE_DISP VALUES ( 1,1,'main','dispatcher' );
INSERT INTO TE_QUEUE VALUES ( 1,1,1,'Self Queue',0,0 );
INSERT INTO TE_QUEUE VALUES ( 2,1,2,'NonSelf Queue',0,0 );
INSERT INTO TE_ABA VALUES ( 136275712,'TE_MACT',136281152,0,0,' c_t[ESCHER_SYS_MAX_STRING_LEN] ',' c_t A0xtumlsret[ESCHER_SYS_MAX_STRING_LEN] ','c_t A0xtumlsret[ESCHER_SYS_MAX_STRING_LEN];
','','[]',' A0xtumlsret','    Escher_strcpy( e->p_A0xtumlsret, A0xtumlsret );','','','SAC_SAC_port_resend_infos','c_t *',1,0,'[ESCHER_SYS_MAX_STRING_LEN]','' );
INSERT INTO TE_ABA VALUES ( 136275820,'TE_MACT',136281152,0,0,' c_t[ESCHER_SYS_MAX_STRING_LEN] ',' c_t A0xtumlsret[ESCHER_SYS_MAX_STRING_LEN] ','c_t A0xtumlsret[ESCHER_SYS_MAX_STRING_LEN];
','','[]',' A0xtumlsret','    Escher_strcpy( e->p_A0xtumlsret, A0xtumlsret );','','','SAC_SAC_port_populate_domain','c_t *',1,0,'[ESCHER_SYS_MAX_STRING_LEN]','' );
INSERT INTO TE_ABA VALUES ( 136275928,'TE_MACT',136281152,0,0,' c_t[ESCHER_SYS_MAX_STRING_LEN] ',' c_t A0xtumlsret[ESCHER_SYS_MAX_STRING_LEN] ','c_t A0xtumlsret[ESCHER_SYS_MAX_STRING_LEN];
','','[]',' A0xtumlsret','    Escher_strcpy( e->p_A0xtumlsret, A0xtumlsret );','','','SAC_SAC_port_delete_group_operation','c_t *',1,0,'[ESCHER_SYS_MAX_STRING_LEN]','' );
INSERT INTO TE_ABA VALUES ( 136276036,'TE_MACT',136281152,0,0,' c_t[ESCHER_SYS_MAX_STRING_LEN] ',' c_t A0xtumlsret[ESCHER_SYS_MAX_STRING_LEN] ','c_t A0xtumlsret[ESCHER_SYS_MAX_STRING_LEN];
','','[]',' A0xtumlsret','    Escher_strcpy( e->p_A0xtumlsret, A0xtumlsret );','','','SAC_SAC_port_delete_group','c_t *',1,0,'[ESCHER_SYS_MAX_STRING_LEN]','' );
INSERT INTO TE_ABA VALUES ( 136276144,'TE_MACT',136281152,0,0,' c_t[ESCHER_SYS_MAX_STRING_LEN] ',' c_t A0xtumlsret[ESCHER_SYS_MAX_STRING_LEN] ','c_t A0xtumlsret[ESCHER_SYS_MAX_STRING_LEN];
','','[]',' A0xtumlsret','    Escher_strcpy( e->p_A0xtumlsret, A0xtumlsret );','','','SAC_SAC_port_session_active','c_t *',1,0,'[ESCHER_SYS_MAX_STRING_LEN]','' );
INSERT INTO TE_ABA VALUES ( 136276252,'TE_MACT',136281152,0,0,' c_t[ESCHER_SYS_MAX_STRING_LEN] ',' c_t A0xtumlsret[ESCHER_SYS_MAX_STRING_LEN] ','c_t A0xtumlsret[ESCHER_SYS_MAX_STRING_LEN];
','','[]',' A0xtumlsret','    Escher_strcpy( e->p_A0xtumlsret, A0xtumlsret );','','','SAC_SAC_port_add_operation_to_group','c_t *',1,0,'[ESCHER_SYS_MAX_STRING_LEN]','' );
INSERT INTO TE_ABA VALUES ( 136276360,'TE_MACT',136281152,0,0,' c_t[ESCHER_SYS_MAX_STRING_LEN] ',' c_t A0xtumlsret[ESCHER_SYS_MAX_STRING_LEN] ','c_t A0xtumlsret[ESCHER_SYS_MAX_STRING_LEN];
','','[]',' A0xtumlsret','    Escher_strcpy( e->p_A0xtumlsret, A0xtumlsret );','','','SAC_SAC_port_add_group','c_t *',1,0,'[ESCHER_SYS_MAX_STRING_LEN]','' );
INSERT INTO TE_ABA VALUES ( 136276468,'TE_MACT',136281152,0,0,' c_t[ESCHER_SYS_MAX_STRING_LEN] ',' c_t A0xtumlsret[ESCHER_SYS_MAX_STRING_LEN] ','c_t A0xtumlsret[ESCHER_SYS_MAX_STRING_LEN];
','','[]',' A0xtumlsret','    Escher_strcpy( e->p_A0xtumlsret, A0xtumlsret );','','','SAC_SAC_port_user_logoff','c_t *',1,0,'[ESCHER_SYS_MAX_STRING_LEN]','' );
INSERT INTO TE_ABA VALUES ( 136276576,'TE_MACT',136281152,0,0,' c_t[ESCHER_SYS_MAX_STRING_LEN] ',' c_t A0xtumlsret[ESCHER_SYS_MAX_STRING_LEN] ','c_t A0xtumlsret[ESCHER_SYS_MAX_STRING_LEN];
','','[]',' A0xtumlsret','    Escher_strcpy( e->p_A0xtumlsret, A0xtumlsret );','','','SAC_SAC_port_user_logon','c_t *',1,0,'[ESCHER_SYS_MAX_STRING_LEN]','' );
INSERT INTO TE_ABA VALUES ( 136276684,'S_SYNC',136281152,0,0,' c_t[ESCHER_SYS_MAX_STRING_LEN] ',' c_t A0xtumlsret[ESCHER_SYS_MAX_STRING_LEN] ','c_t A0xtumlsret[ESCHER_SYS_MAX_STRING_LEN];
','','[]',' A0xtumlsret','    Escher_strcpy( e->p_A0xtumlsret, A0xtumlsret );','','','SAC_test_SAC_1','c_t *',1,0,'[ESCHER_SYS_MAX_STRING_LEN]','' );
INSERT INTO TE_ABA VALUES ( 155836480,'S_SYNC',136281152,0,0,' c_t[ESCHER_SYS_MAX_STRING_LEN] ',' c_t A0xtumlsret[ESCHER_SYS_MAX_STRING_LEN] ','c_t A0xtumlsret[ESCHER_SYS_MAX_STRING_LEN];
','','[]',' A0xtumlsret','    Escher_strcpy( e->p_A0xtumlsret, A0xtumlsret );','','','SAC_resend_infos_3','c_t *',1,0,'[ESCHER_SYS_MAX_STRING_LEN]','' );
INSERT INTO TE_ABA VALUES ( 155836588,'S_SYNC',136281152,0,0,' c_t[ESCHER_SYS_MAX_STRING_LEN] ',' c_t A0xtumlsret[ESCHER_SYS_MAX_STRING_LEN] ','c_t A0xtumlsret[ESCHER_SYS_MAX_STRING_LEN];
','','[]',' A0xtumlsret','    Escher_strcpy( e->p_A0xtumlsret, A0xtumlsret );','','','SAC_soa_subscribe_2','c_t *',1,0,'[ESCHER_SYS_MAX_STRING_LEN]','' );
INSERT INTO TE_ABA VALUES ( 155836696,'S_SYNC',136281152,0,0,' c_t[ESCHER_SYS_MAX_STRING_LEN] ',' c_t A0xtumlsret[ESCHER_SYS_MAX_STRING_LEN] ','c_t A0xtumlsret[ESCHER_SYS_MAX_STRING_LEN];
','','[]',' A0xtumlsret','    Escher_strcpy( e->p_A0xtumlsret, A0xtumlsret );','','','SAC_populate_domain_1','c_t *',1,0,'[ESCHER_SYS_MAX_STRING_LEN]','' );
INSERT INTO TE_ABA VALUES ( 155836804,'S_SYNC',136281152,0,0,' c_t[ESCHER_SYS_MAX_STRING_LEN] ',' c_t A0xtumlsret[ESCHER_SYS_MAX_STRING_LEN] ','c_t A0xtumlsret[ESCHER_SYS_MAX_STRING_LEN];
','','[]',' A0xtumlsret','    Escher_strcpy( e->p_A0xtumlsret, A0xtumlsret );','','','SAC_reload_config_files','c_t *',1,0,'[ESCHER_SYS_MAX_STRING_LEN]','' );
INSERT INTO TE_ABA VALUES ( 155836912,'S_SYNC',136281152,0,0,' c_t[ESCHER_SYS_MAX_STRING_LEN], c_t[ESCHER_SYS_MAX_STRING_LEN], c_t[ESCHER_SYS_MAX_STRING_LEN] ',' c_t A0xtumlsret[ESCHER_SYS_MAX_STRING_LEN], c_t p_heartbeat_failure_threshold[ESCHER_SYS_MAX_STRING_LEN], c_t p_heartbeat_time[ESCHER_SYS_MAX_STRING_LEN] ','c_t A0xtumlsret[ESCHER_SYS_MAX_STRING_LEN];
c_t p_heartbeat_failure_threshold[ESCHER_SYS_MAX_STRING_LEN];
c_t p_heartbeat_time[ESCHER_SYS_MAX_STRING_LEN];
','','[],[],[]',' A0xtumlsret, p_heartbeat_failure_threshold, p_heartbeat_time','    Escher_strcpy( e->p_A0xtumlsret, A0xtumlsret );    Escher_strcpy( e->p_heartbeat_failure_threshold, p_heartbeat_failure_threshold );    Escher_strcpy( e->p_heartbeat_time, p_heartbeat_time );','    Escher_strcpy( e->p_heartbeat_failure_threshold, p_heartbeat_failure_threshold );    Escher_strcpy( e->p_heartbeat_time, p_heartbeat_time );','','SAC_get_session_specification','c_t *',1,0,'[ESCHER_SYS_MAX_STRING_LEN]','' );
INSERT INTO TE_ABA VALUES ( 155837020,'S_SYNC',136281152,0,0,' c_t[ESCHER_SYS_MAX_STRING_LEN], c_t[ESCHER_SYS_MAX_STRING_LEN] ',' c_t A0xtumlsret[ESCHER_SYS_MAX_STRING_LEN], c_t p_groups[ESCHER_SYS_MAX_STRING_LEN] ','c_t A0xtumlsret[ESCHER_SYS_MAX_STRING_LEN];
c_t p_groups[ESCHER_SYS_MAX_STRING_LEN];
','','[],[]',' A0xtumlsret, p_groups','    Escher_strcpy( e->p_A0xtumlsret, A0xtumlsret );    Escher_strcpy( e->p_groups, p_groups );','    Escher_strcpy( e->p_groups, p_groups );','','SAC_get_groups','c_t *',1,0,'[ESCHER_SYS_MAX_STRING_LEN]','' );
INSERT INTO TE_ABA VALUES ( 155837128,'S_SYNC',136281152,0,0,' c_t[ESCHER_SYS_MAX_STRING_LEN], c_t[ESCHER_SYS_MAX_STRING_LEN], c_t[ESCHER_SYS_MAX_STRING_LEN] ',' c_t A0xtumlsret[ESCHER_SYS_MAX_STRING_LEN], c_t p_condition_description[ESCHER_SYS_MAX_STRING_LEN], c_t p_condition_name[ESCHER_SYS_MAX_STRING_LEN] ','c_t A0xtumlsret[ESCHER_SYS_MAX_STRING_LEN];
c_t p_condition_description[ESCHER_SYS_MAX_STRING_LEN];
c_t p_condition_name[ESCHER_SYS_MAX_STRING_LEN];
','','[],[],[]',' A0xtumlsret, p_condition_description, p_condition_name','    Escher_strcpy( e->p_A0xtumlsret, A0xtumlsret );    Escher_strcpy( e->p_condition_description, p_condition_description );    Escher_strcpy( e->p_condition_name, p_condition_name );','    Escher_strcpy( e->p_condition_description, p_condition_description );    Escher_strcpy( e->p_condition_name, p_condition_name );','','SAC_raise_notification','c_t *',1,0,'[ESCHER_SYS_MAX_STRING_LEN]','' );
INSERT INTO TE_ABA VALUES ( 155837236,'S_SYNC',136281152,0,0,' c_t[ESCHER_SYS_MAX_STRING_LEN], c_t[ESCHER_SYS_MAX_STRING_LEN], c_t[ESCHER_SYS_MAX_STRING_LEN], c_t[ESCHER_SYS_MAX_STRING_LEN], c_t[ESCHER_SYS_MAX_STRING_LEN] ',' c_t A0xtumlsret[ESCHER_SYS_MAX_STRING_LEN], c_t p_group_name[ESCHER_SYS_MAX_STRING_LEN], c_t p_login_name[ESCHER_SYS_MAX_STRING_LEN], c_t p_session_id[ESCHER_SYS_MAX_STRING_LEN], c_t p_uid[ESCHER_SYS_MAX_STRING_LEN] ','c_t A0xtumlsret[ESCHER_SYS_MAX_STRING_LEN];
c_t p_group_name[ESCHER_SYS_MAX_STRING_LEN];
c_t p_login_name[ESCHER_SYS_MAX_STRING_LEN];
c_t p_session_id[ESCHER_SYS_MAX_STRING_LEN];
c_t p_uid[ESCHER_SYS_MAX_STRING_LEN];
','','[],[],[],[],[]',' A0xtumlsret, p_group_name, p_login_name, p_session_id, p_uid','    Escher_strcpy( e->p_A0xtumlsret, A0xtumlsret );    Escher_strcpy( e->p_group_name, p_group_name );    Escher_strcpy( e->p_login_name, p_login_name );    Escher_strcpy( e->p_session_id, p_session_id );    Escher_strcpy( e->p_uid, p_uid );','    Escher_strcpy( e->p_group_name, p_group_name );    Escher_strcpy( e->p_login_name, p_login_name );    Escher_strcpy( e->p_session_id, p_session_id );    Escher_strcpy( e->p_uid, p_uid );','','SAC_user_group_removed','c_t *',1,0,'[ESCHER_SYS_MAX_STRING_LEN]','' );
INSERT INTO TE_ABA VALUES ( 155837344,'S_SYNC',136281152,0,0,' c_t[ESCHER_SYS_MAX_STRING_LEN], c_t[ESCHER_SYS_MAX_STRING_LEN], c_t[ESCHER_SYS_MAX_STRING_LEN], c_t[ESCHER_SYS_MAX_STRING_LEN], c_t[ESCHER_SYS_MAX_STRING_LEN] ',' c_t A0xtumlsret[ESCHER_SYS_MAX_STRING_LEN], c_t p_group_name[ESCHER_SYS_MAX_STRING_LEN], c_t p_login_name[ESCHER_SYS_MAX_STRING_LEN], c_t p_session_id[ESCHER_SYS_MAX_STRING_LEN], c_t p_uid[ESCHER_SYS_MAX_STRING_LEN] ','c_t A0xtumlsret[ESCHER_SYS_MAX_STRING_LEN];
c_t p_group_name[ESCHER_SYS_MAX_STRING_LEN];
c_t p_login_name[ESCHER_SYS_MAX_STRING_LEN];
c_t p_session_id[ESCHER_SYS_MAX_STRING_LEN];
c_t p_uid[ESCHER_SYS_MAX_STRING_LEN];
','','[],[],[],[],[]',' A0xtumlsret, p_group_name, p_login_name, p_session_id, p_uid','    Escher_strcpy( e->p_A0xtumlsret, A0xtumlsret );    Escher_strcpy( e->p_group_name, p_group_name );    Escher_strcpy( e->p_login_name, p_login_name );    Escher_strcpy( e->p_session_id, p_session_id );    Escher_strcpy( e->p_uid, p_uid );','    Escher_strcpy( e->p_group_name, p_group_name );    Escher_strcpy( e->p_login_name, p_login_name );    Escher_strcpy( e->p_session_id, p_session_id );    Escher_strcpy( e->p_uid, p_uid );','','SAC_report_user_group','c_t *',1,0,'[ESCHER_SYS_MAX_STRING_LEN]','' );
INSERT INTO TE_ABA VALUES ( 155837452,'S_SYNC',136281152,0,0,' c_t[ESCHER_SYS_MAX_STRING_LEN], c_t[ESCHER_SYS_MAX_STRING_LEN], c_t[ESCHER_SYS_MAX_STRING_LEN], c_t[ESCHER_SYS_MAX_STRING_LEN], c_t[ESCHER_SYS_MAX_STRING_LEN] ',' c_t A0xtumlsret[ESCHER_SYS_MAX_STRING_LEN], c_t p_login_name[ESCHER_SYS_MAX_STRING_LEN], c_t p_operation_name[ESCHER_SYS_MAX_STRING_LEN], c_t p_session_id[ESCHER_SYS_MAX_STRING_LEN], c_t p_user_id[ESCHER_SYS_MAX_STRING_LEN] ','c_t A0xtumlsret[ESCHER_SYS_MAX_STRING_LEN];
c_t p_login_name[ESCHER_SYS_MAX_STRING_LEN];
c_t p_operation_name[ESCHER_SYS_MAX_STRING_LEN];
c_t p_session_id[ESCHER_SYS_MAX_STRING_LEN];
c_t p_user_id[ESCHER_SYS_MAX_STRING_LEN];
','','[],[],[],[],[]',' A0xtumlsret, p_login_name, p_operation_name, p_session_id, p_user_id','    Escher_strcpy( e->p_A0xtumlsret, A0xtumlsret );    Escher_strcpy( e->p_login_name, p_login_name );    Escher_strcpy( e->p_operation_name, p_operation_name );    Escher_strcpy( e->p_session_id, p_session_id );    Escher_strcpy( e->p_user_id, p_user_id );','    Escher_strcpy( e->p_login_name, p_login_name );    Escher_strcpy( e->p_operation_name, p_operation_name );    Escher_strcpy( e->p_session_id, p_session_id );    Escher_strcpy( e->p_user_id, p_user_id );','','SAC_user_operation_removed','c_t *',1,0,'[ESCHER_SYS_MAX_STRING_LEN]','' );
INSERT INTO TE_ABA VALUES ( 155879312,'S_SYNC',136281152,0,0,' c_t[ESCHER_SYS_MAX_STRING_LEN], c_t[ESCHER_SYS_MAX_STRING_LEN], c_t[ESCHER_SYS_MAX_STRING_LEN], c_t[ESCHER_SYS_MAX_STRING_LEN], c_t[ESCHER_SYS_MAX_STRING_LEN] ',' c_t A0xtumlsret[ESCHER_SYS_MAX_STRING_LEN], c_t p_login_name[ESCHER_SYS_MAX_STRING_LEN], c_t p_operation_name[ESCHER_SYS_MAX_STRING_LEN], c_t p_session_id[ESCHER_SYS_MAX_STRING_LEN], c_t p_user_id[ESCHER_SYS_MAX_STRING_LEN] ','c_t A0xtumlsret[ESCHER_SYS_MAX_STRING_LEN];
c_t p_login_name[ESCHER_SYS_MAX_STRING_LEN];
c_t p_operation_name[ESCHER_SYS_MAX_STRING_LEN];
c_t p_session_id[ESCHER_SYS_MAX_STRING_LEN];
c_t p_user_id[ESCHER_SYS_MAX_STRING_LEN];
','','[],[],[],[],[]',' A0xtumlsret, p_login_name, p_operation_name, p_session_id, p_user_id','    Escher_strcpy( e->p_A0xtumlsret, A0xtumlsret );    Escher_strcpy( e->p_login_name, p_login_name );    Escher_strcpy( e->p_operation_name, p_operation_name );    Escher_strcpy( e->p_session_id, p_session_id );    Escher_strcpy( e->p_user_id, p_user_id );','    Escher_strcpy( e->p_login_name, p_login_name );    Escher_strcpy( e->p_operation_name, p_operation_name );    Escher_strcpy( e->p_session_id, p_session_id );    Escher_strcpy( e->p_user_id, p_user_id );','','SAC_report_user_operation','c_t *',1,0,'[ESCHER_SYS_MAX_STRING_LEN]','' );
INSERT INTO TE_ABA VALUES ( 155879420,'S_SYNC',136281152,0,0,' c_t[ESCHER_SYS_MAX_STRING_LEN], c_t[ESCHER_SYS_MAX_STRING_LEN], c_t[ESCHER_SYS_MAX_STRING_LEN] ',' c_t A0xtumlsret[ESCHER_SYS_MAX_STRING_LEN], c_t p_group_name[ESCHER_SYS_MAX_STRING_LEN], c_t p_operation_name[ESCHER_SYS_MAX_STRING_LEN] ','c_t A0xtumlsret[ESCHER_SYS_MAX_STRING_LEN];
c_t p_group_name[ESCHER_SYS_MAX_STRING_LEN];
c_t p_operation_name[ESCHER_SYS_MAX_STRING_LEN];
','','[],[],[]',' A0xtumlsret, p_group_name, p_operation_name','    Escher_strcpy( e->p_A0xtumlsret, A0xtumlsret );    Escher_strcpy( e->p_group_name, p_group_name );    Escher_strcpy( e->p_operation_name, p_operation_name );','    Escher_strcpy( e->p_group_name, p_group_name );    Escher_strcpy( e->p_operation_name, p_operation_name );','','SAC_group_operation_removed','c_t *',1,0,'[ESCHER_SYS_MAX_STRING_LEN]','' );
INSERT INTO TE_ABA VALUES ( 155879528,'S_SYNC',136281152,0,0,' c_t[ESCHER_SYS_MAX_STRING_LEN], c_t[ESCHER_SYS_MAX_STRING_LEN], c_t[ESCHER_SYS_MAX_STRING_LEN] ',' c_t A0xtumlsret[ESCHER_SYS_MAX_STRING_LEN], c_t p_group_name[ESCHER_SYS_MAX_STRING_LEN], c_t p_operation_name[ESCHER_SYS_MAX_STRING_LEN] ','c_t A0xtumlsret[ESCHER_SYS_MAX_STRING_LEN];
c_t p_group_name[ESCHER_SYS_MAX_STRING_LEN];
c_t p_operation_name[ESCHER_SYS_MAX_STRING_LEN];
','','[],[],[]',' A0xtumlsret, p_group_name, p_operation_name','    Escher_strcpy( e->p_A0xtumlsret, A0xtumlsret );    Escher_strcpy( e->p_group_name, p_group_name );    Escher_strcpy( e->p_operation_name, p_operation_name );','    Escher_strcpy( e->p_group_name, p_group_name );    Escher_strcpy( e->p_operation_name, p_operation_name );','','SAC_report_group_operation','c_t *',1,0,'[ESCHER_SYS_MAX_STRING_LEN]','' );
INSERT INTO TE_ABA VALUES ( 155879636,'S_SYNC',136281152,0,0,' c_t[ESCHER_SYS_MAX_STRING_LEN], c_t[ESCHER_SYS_MAX_STRING_LEN] ',' c_t A0xtumlsret[ESCHER_SYS_MAX_STRING_LEN], c_t p_group_name[ESCHER_SYS_MAX_STRING_LEN] ','c_t A0xtumlsret[ESCHER_SYS_MAX_STRING_LEN];
c_t p_group_name[ESCHER_SYS_MAX_STRING_LEN];
','','[],[]',' A0xtumlsret, p_group_name','    Escher_strcpy( e->p_A0xtumlsret, A0xtumlsret );    Escher_strcpy( e->p_group_name, p_group_name );','    Escher_strcpy( e->p_group_name, p_group_name );','','SAC_group_deleted','c_t *',1,0,'[ESCHER_SYS_MAX_STRING_LEN]','' );
INSERT INTO TE_ABA VALUES ( 155879744,'S_SYNC',136281152,0,0,' c_t[ESCHER_SYS_MAX_STRING_LEN], c_t[ESCHER_SYS_MAX_STRING_LEN] ',' c_t A0xtumlsret[ESCHER_SYS_MAX_STRING_LEN], c_t p_group_name[ESCHER_SYS_MAX_STRING_LEN] ','c_t A0xtumlsret[ESCHER_SYS_MAX_STRING_LEN];
c_t p_group_name[ESCHER_SYS_MAX_STRING_LEN];
','','[],[]',' A0xtumlsret, p_group_name','    Escher_strcpy( e->p_A0xtumlsret, A0xtumlsret );    Escher_strcpy( e->p_group_name, p_group_name );','    Escher_strcpy( e->p_group_name, p_group_name );','','SAC_report_group','c_t *',1,0,'[ESCHER_SYS_MAX_STRING_LEN]','' );
INSERT INTO TE_ABA VALUES ( 155879852,'S_SYNC',136281152,0,0,' c_t[ESCHER_SYS_MAX_STRING_LEN], c_t[ESCHER_SYS_MAX_STRING_LEN] ',' c_t A0xtumlsret[ESCHER_SYS_MAX_STRING_LEN], c_t p_session_id[ESCHER_SYS_MAX_STRING_LEN] ','c_t A0xtumlsret[ESCHER_SYS_MAX_STRING_LEN];
c_t p_session_id[ESCHER_SYS_MAX_STRING_LEN];
','','[],[]',' A0xtumlsret, p_session_id','    Escher_strcpy( e->p_A0xtumlsret, A0xtumlsret );    Escher_strcpy( e->p_session_id, p_session_id );','    Escher_strcpy( e->p_session_id, p_session_id );','','SAC_user_session_deleted','c_t *',1,0,'[ESCHER_SYS_MAX_STRING_LEN]','' );
INSERT INTO TE_ABA VALUES ( 155879960,'S_SYNC',136281152,0,0,' c_t[ESCHER_SYS_MAX_STRING_LEN], c_t[ESCHER_SYS_MAX_STRING_LEN], Escher_TimeStamp_t[ESCHER_SYS_MAX_STRING_LEN], c_t[ESCHER_SYS_MAX_STRING_LEN], c_t[ESCHER_SYS_MAX_STRING_LEN], c_t[ESCHER_SYS_MAX_STRING_LEN], c_t[ESCHER_SYS_MAX_STRING_LEN] ',' c_t A0xtumlsret[ESCHER_SYS_MAX_STRING_LEN], c_t p_login_name[ESCHER_SYS_MAX_STRING_LEN], Escher_TimeStamp_t p_login_time[ESCHER_SYS_MAX_STRING_LEN], c_t p_session_id[ESCHER_SYS_MAX_STRING_LEN], c_t p_session_timed_out[ESCHER_SYS_MAX_STRING_LEN], c_t p_user_id[ESCHER_SYS_MAX_STRING_LEN], c_t p_workstation_hostname[ESCHER_SYS_MAX_STRING_LEN] ','c_t A0xtumlsret[ESCHER_SYS_MAX_STRING_LEN];
c_t p_login_name[ESCHER_SYS_MAX_STRING_LEN];
Escher_TimeStamp_t p_login_time[ESCHER_SYS_MAX_STRING_LEN];
c_t p_session_id[ESCHER_SYS_MAX_STRING_LEN];
c_t p_session_timed_out[ESCHER_SYS_MAX_STRING_LEN];
c_t p_user_id[ESCHER_SYS_MAX_STRING_LEN];
c_t p_workstation_hostname[ESCHER_SYS_MAX_STRING_LEN];
','','[],[],[],[],[],[],[]',' A0xtumlsret, p_login_name, p_login_time, p_session_id, p_session_timed_out, p_user_id, p_workstation_hostname','    Escher_strcpy( e->p_A0xtumlsret, A0xtumlsret );    Escher_strcpy( e->p_login_name, p_login_name );    Escher_strcpy( e->p_login_time, p_login_time );    Escher_strcpy( e->p_session_id, p_session_id );    Escher_strcpy( e->p_session_timed_out, p_session_timed_out );    Escher_strcpy( e->p_user_id, p_user_id );    Escher_strcpy( e->p_workstation_hostname, p_workstation_hostname );','    Escher_strcpy( e->p_login_name, p_login_name );    Escher_strcpy( e->p_login_time, p_login_time );    Escher_strcpy( e->p_session_id, p_session_id );    Escher_strcpy( e->p_session_timed_out, p_session_timed_out );    Escher_strcpy( e->p_user_id, p_user_id );    Escher_strcpy( e->p_workstation_hostname, p_workstation_hostname );','','SAC_report_user_session','c_t *',1,0,'[ESCHER_SYS_MAX_STRING_LEN]','' );
INSERT INTO TE_ABA VALUES ( 155880068,'S_SYNC',136281152,0,0,' c_t[ESCHER_SYS_MAX_STRING_LEN], c_t[ESCHER_SYS_MAX_STRING_LEN], c_t[ESCHER_SYS_MAX_STRING_LEN] ',' c_t A0xtumlsret[ESCHER_SYS_MAX_STRING_LEN], c_t p_login_name[ESCHER_SYS_MAX_STRING_LEN], c_t p_user_id[ESCHER_SYS_MAX_STRING_LEN] ','c_t A0xtumlsret[ESCHER_SYS_MAX_STRING_LEN];
c_t p_login_name[ESCHER_SYS_MAX_STRING_LEN];
c_t p_user_id[ESCHER_SYS_MAX_STRING_LEN];
','','[],[],[]',' A0xtumlsret, p_login_name, p_user_id','    Escher_strcpy( e->p_A0xtumlsret, A0xtumlsret );    Escher_strcpy( e->p_login_name, p_login_name );    Escher_strcpy( e->p_user_id, p_user_id );','    Escher_strcpy( e->p_login_name, p_login_name );    Escher_strcpy( e->p_user_id, p_user_id );','','SAC_user_removed','c_t *',1,0,'[ESCHER_SYS_MAX_STRING_LEN]','' );
INSERT INTO TE_ABA VALUES ( 155880176,'S_SYNC',136281152,0,0,' c_t[ESCHER_SYS_MAX_STRING_LEN], c_t[ESCHER_SYS_MAX_STRING_LEN], c_t[ESCHER_SYS_MAX_STRING_LEN], c_t[ESCHER_SYS_MAX_STRING_LEN], c_t[ESCHER_SYS_MAX_STRING_LEN] ',' c_t A0xtumlsret[ESCHER_SYS_MAX_STRING_LEN], c_t p_logged_on[ESCHER_SYS_MAX_STRING_LEN], c_t p_login_name[ESCHER_SYS_MAX_STRING_LEN], c_t p_user_id[ESCHER_SYS_MAX_STRING_LEN], c_t p_user_name[ESCHER_SYS_MAX_STRING_LEN] ','c_t A0xtumlsret[ESCHER_SYS_MAX_STRING_LEN];
c_t p_logged_on[ESCHER_SYS_MAX_STRING_LEN];
c_t p_login_name[ESCHER_SYS_MAX_STRING_LEN];
c_t p_user_id[ESCHER_SYS_MAX_STRING_LEN];
c_t p_user_name[ESCHER_SYS_MAX_STRING_LEN];
','','[],[],[],[],[]',' A0xtumlsret, p_logged_on, p_login_name, p_user_id, p_user_name','    Escher_strcpy( e->p_A0xtumlsret, A0xtumlsret );    Escher_strcpy( e->p_logged_on, p_logged_on );    Escher_strcpy( e->p_login_name, p_login_name );    Escher_strcpy( e->p_user_id, p_user_id );    Escher_strcpy( e->p_user_name, p_user_name );','    Escher_strcpy( e->p_logged_on, p_logged_on );    Escher_strcpy( e->p_login_name, p_login_name );    Escher_strcpy( e->p_user_id, p_user_id );    Escher_strcpy( e->p_user_name, p_user_name );','','SAC_report_user','c_t *',1,0,'[ESCHER_SYS_MAX_STRING_LEN]','' );
INSERT INTO TE_ABA VALUES ( 155880284,'S_SYNC',136281152,0,0,' c_t[ESCHER_SYS_MAX_STRING_LEN], c_t[ESCHER_SYS_MAX_STRING_LEN], c_t[ESCHER_SYS_MAX_STRING_LEN], c_t[ESCHER_SYS_MAX_STRING_LEN], c_t[ESCHER_SYS_MAX_STRING_LEN], c_t[ESCHER_SYS_MAX_STRING_LEN], c_t[ESCHER_SYS_MAX_STRING_LEN] ',' c_t A0xtumlsret[ESCHER_SYS_MAX_STRING_LEN], c_t p_failure_reason[ESCHER_SYS_MAX_STRING_LEN], c_t p_is_valid[ESCHER_SYS_MAX_STRING_LEN], c_t p_login_name[ESCHER_SYS_MAX_STRING_LEN], c_t p_session_id[ESCHER_SYS_MAX_STRING_LEN], c_t p_user_id[ESCHER_SYS_MAX_STRING_LEN], c_t p_workstation_hostname[ESCHER_SYS_MAX_STRING_LEN] ','c_t A0xtumlsret[ESCHER_SYS_MAX_STRING_LEN];
c_t p_failure_reason[ESCHER_SYS_MAX_STRING_LEN];
c_t p_is_valid[ESCHER_SYS_MAX_STRING_LEN];
c_t p_login_name[ESCHER_SYS_MAX_STRING_LEN];
c_t p_session_id[ESCHER_SYS_MAX_STRING_LEN];
c_t p_user_id[ESCHER_SYS_MAX_STRING_LEN];
c_t p_workstation_hostname[ESCHER_SYS_MAX_STRING_LEN];
','','[],[],[],[],[],[],[]',' A0xtumlsret, p_failure_reason, p_is_valid, p_login_name, p_session_id, p_user_id, p_workstation_hostname','    Escher_strcpy( e->p_A0xtumlsret, A0xtumlsret );    Escher_strcpy( e->p_failure_reason, p_failure_reason );    Escher_strcpy( e->p_is_valid, p_is_valid );    Escher_strcpy( e->p_login_name, p_login_name );    Escher_strcpy( e->p_session_id, p_session_id );    Escher_strcpy( e->p_user_id, p_user_id );    Escher_strcpy( e->p_workstation_hostname, p_workstation_hostname );','    Escher_strcpy( e->p_failure_reason, p_failure_reason );    Escher_strcpy( e->p_is_valid, p_is_valid );    Escher_strcpy( e->p_login_name, p_login_name );    Escher_strcpy( e->p_session_id, p_session_id );    Escher_strcpy( e->p_user_id, p_user_id );    Escher_strcpy( e->p_workstation_hostname, p_workstation_hostname );','','SAC_login_valid','c_t *',1,0,'[ESCHER_SYS_MAX_STRING_LEN]','' );
INSERT INTO TE_ABA VALUES ( 155943720,'S_SYNC',136281152,0,0,' c_t[ESCHER_SYS_MAX_STRING_LEN] ',' c_t A0xtumlsret[ESCHER_SYS_MAX_STRING_LEN] ','c_t A0xtumlsret[ESCHER_SYS_MAX_STRING_LEN];
','','[]',' A0xtumlsret','    Escher_strcpy( e->p_A0xtumlsret, A0xtumlsret );','','','SAC_resend_infos','c_t *',1,0,'[ESCHER_SYS_MAX_STRING_LEN]','' );
INSERT INTO TE_ABA VALUES ( 155943828,'S_SYNC',136281152,0,0,' c_t[ESCHER_SYS_MAX_STRING_LEN], c_t[ESCHER_SYS_MAX_STRING_LEN] ',' c_t A0xtumlsret[ESCHER_SYS_MAX_STRING_LEN], c_t p_reload_config_files[ESCHER_SYS_MAX_STRING_LEN] ','c_t A0xtumlsret[ESCHER_SYS_MAX_STRING_LEN];
c_t p_reload_config_files[ESCHER_SYS_MAX_STRING_LEN];
','','[],[]',' A0xtumlsret, p_reload_config_files','    Escher_strcpy( e->p_A0xtumlsret, A0xtumlsret );    Escher_strcpy( e->p_reload_config_files, p_reload_config_files );','    Escher_strcpy( e->p_reload_config_files, p_reload_config_files );','','SAC_populate_domain','c_t *',1,0,'[ESCHER_SYS_MAX_STRING_LEN]','' );
INSERT INTO TE_ABA VALUES ( 155943936,'S_SYNC',136281152,0,0,' c_t[ESCHER_SYS_MAX_STRING_LEN], c_t[ESCHER_SYS_MAX_STRING_LEN], c_t[ESCHER_SYS_MAX_STRING_LEN] ',' c_t A0xtumlsret[ESCHER_SYS_MAX_STRING_LEN], c_t p_group_name[ESCHER_SYS_MAX_STRING_LEN], c_t p_operations[ESCHER_SYS_MAX_STRING_LEN] ','c_t A0xtumlsret[ESCHER_SYS_MAX_STRING_LEN];
c_t p_group_name[ESCHER_SYS_MAX_STRING_LEN];
c_t p_operations[ESCHER_SYS_MAX_STRING_LEN];
','','[],[],[]',' A0xtumlsret, p_group_name, p_operations','    Escher_strcpy( e->p_A0xtumlsret, A0xtumlsret );    Escher_strcpy( e->p_group_name, p_group_name );    Escher_strcpy( e->p_operations, p_operations );','    Escher_strcpy( e->p_group_name, p_group_name );    Escher_strcpy( e->p_operations, p_operations );','','SAC_delete_group_operation','c_t *',1,0,'[ESCHER_SYS_MAX_STRING_LEN]','' );
INSERT INTO TE_ABA VALUES ( 155944044,'S_SYNC',136281152,0,0,' c_t[ESCHER_SYS_MAX_STRING_LEN], c_t[ESCHER_SYS_MAX_STRING_LEN] ',' c_t A0xtumlsret[ESCHER_SYS_MAX_STRING_LEN], c_t p_group_name[ESCHER_SYS_MAX_STRING_LEN] ','c_t A0xtumlsret[ESCHER_SYS_MAX_STRING_LEN];
c_t p_group_name[ESCHER_SYS_MAX_STRING_LEN];
','','[],[]',' A0xtumlsret, p_group_name','    Escher_strcpy( e->p_A0xtumlsret, A0xtumlsret );    Escher_strcpy( e->p_group_name, p_group_name );','    Escher_strcpy( e->p_group_name, p_group_name );','','SAC_delete_group','c_t *',1,0,'[ESCHER_SYS_MAX_STRING_LEN]','' );
INSERT INTO TE_ABA VALUES ( 155944152,'S_SYNC',136281152,0,0,' c_t[ESCHER_SYS_MAX_STRING_LEN], c_t[ESCHER_SYS_MAX_STRING_LEN], c_t[ESCHER_SYS_MAX_STRING_LEN], c_t[ESCHER_SYS_MAX_STRING_LEN] ',' c_t A0xtumlsret[ESCHER_SYS_MAX_STRING_LEN], c_t p_login_name[ESCHER_SYS_MAX_STRING_LEN], c_t p_session_id[ESCHER_SYS_MAX_STRING_LEN], c_t p_user_id[ESCHER_SYS_MAX_STRING_LEN] ','c_t A0xtumlsret[ESCHER_SYS_MAX_STRING_LEN];
c_t p_login_name[ESCHER_SYS_MAX_STRING_LEN];
c_t p_session_id[ESCHER_SYS_MAX_STRING_LEN];
c_t p_user_id[ESCHER_SYS_MAX_STRING_LEN];
','','[],[],[],[]',' A0xtumlsret, p_login_name, p_session_id, p_user_id','    Escher_strcpy( e->p_A0xtumlsret, A0xtumlsret );    Escher_strcpy( e->p_login_name, p_login_name );    Escher_strcpy( e->p_session_id, p_session_id );    Escher_strcpy( e->p_user_id, p_user_id );','    Escher_strcpy( e->p_login_name, p_login_name );    Escher_strcpy( e->p_session_id, p_session_id );    Escher_strcpy( e->p_user_id, p_user_id );','','SAC_session_active','c_t *',1,0,'[ESCHER_SYS_MAX_STRING_LEN]','' );
INSERT INTO TE_ABA VALUES ( 155944260,'S_SYNC',136281152,0,0,' c_t[ESCHER_SYS_MAX_STRING_LEN], c_t[ESCHER_SYS_MAX_STRING_LEN], c_t[ESCHER_SYS_MAX_STRING_LEN] ',' c_t A0xtumlsret[ESCHER_SYS_MAX_STRING_LEN], c_t p_group_name[ESCHER_SYS_MAX_STRING_LEN], c_t p_operations[ESCHER_SYS_MAX_STRING_LEN] ','c_t A0xtumlsret[ESCHER_SYS_MAX_STRING_LEN];
c_t p_group_name[ESCHER_SYS_MAX_STRING_LEN];
c_t p_operations[ESCHER_SYS_MAX_STRING_LEN];
','','[],[],[]',' A0xtumlsret, p_group_name, p_operations','    Escher_strcpy( e->p_A0xtumlsret, A0xtumlsret );    Escher_strcpy( e->p_group_name, p_group_name );    Escher_strcpy( e->p_operations, p_operations );','    Escher_strcpy( e->p_group_name, p_group_name );    Escher_strcpy( e->p_operations, p_operations );','','SAC_add_operation_to_group','c_t *',1,0,'[ESCHER_SYS_MAX_STRING_LEN]','' );
INSERT INTO TE_ABA VALUES ( 155944368,'S_SYNC',136281152,0,0,' c_t[ESCHER_SYS_MAX_STRING_LEN], c_t[ESCHER_SYS_MAX_STRING_LEN] ',' c_t A0xtumlsret[ESCHER_SYS_MAX_STRING_LEN], c_t p_group_name[ESCHER_SYS_MAX_STRING_LEN] ','c_t A0xtumlsret[ESCHER_SYS_MAX_STRING_LEN];
c_t p_group_name[ESCHER_SYS_MAX_STRING_LEN];
','','[],[]',' A0xtumlsret, p_group_name','    Escher_strcpy( e->p_A0xtumlsret, A0xtumlsret );    Escher_strcpy( e->p_group_name, p_group_name );','    Escher_strcpy( e->p_group_name, p_group_name );','','SAC_add_group','c_t *',1,0,'[ESCHER_SYS_MAX_STRING_LEN]','' );
INSERT INTO TE_ABA VALUES ( 155944476,'S_SYNC',136281152,0,0,' c_t[ESCHER_SYS_MAX_STRING_LEN], c_t[ESCHER_SYS_MAX_STRING_LEN], c_t[ESCHER_SYS_MAX_STRING_LEN], c_t[ESCHER_SYS_MAX_STRING_LEN] ',' c_t A0xtumlsret[ESCHER_SYS_MAX_STRING_LEN], c_t p_login_name[ESCHER_SYS_MAX_STRING_LEN], c_t p_session_id[ESCHER_SYS_MAX_STRING_LEN], c_t p_user_id[ESCHER_SYS_MAX_STRING_LEN] ','c_t A0xtumlsret[ESCHER_SYS_MAX_STRING_LEN];
c_t p_login_name[ESCHER_SYS_MAX_STRING_LEN];
c_t p_session_id[ESCHER_SYS_MAX_STRING_LEN];
c_t p_user_id[ESCHER_SYS_MAX_STRING_LEN];
','','[],[],[],[]',' A0xtumlsret, p_login_name, p_session_id, p_user_id','    Escher_strcpy( e->p_A0xtumlsret, A0xtumlsret );    Escher_strcpy( e->p_login_name, p_login_name );    Escher_strcpy( e->p_session_id, p_session_id );    Escher_strcpy( e->p_user_id, p_user_id );','    Escher_strcpy( e->p_login_name, p_login_name );    Escher_strcpy( e->p_session_id, p_session_id );    Escher_strcpy( e->p_user_id, p_user_id );','','SAC_user_logoff','c_t *',1,0,'[ESCHER_SYS_MAX_STRING_LEN]','' );
INSERT INTO TE_ABA VALUES ( 155944584,'S_SYNC',136281152,0,0,' c_t[ESCHER_SYS_MAX_STRING_LEN], c_t[ESCHER_SYS_MAX_STRING_LEN], c_t[ESCHER_SYS_MAX_STRING_LEN], c_t[ESCHER_SYS_MAX_STRING_LEN], c_t[ESCHER_SYS_MAX_STRING_LEN], c_t[ESCHER_SYS_MAX_STRING_LEN] ',' c_t A0xtumlsret[ESCHER_SYS_MAX_STRING_LEN], c_t p_groups[ESCHER_SYS_MAX_STRING_LEN], c_t p_login_name[ESCHER_SYS_MAX_STRING_LEN], c_t p_user_id[ESCHER_SYS_MAX_STRING_LEN], c_t p_user_name[ESCHER_SYS_MAX_STRING_LEN], c_t p_workstation_hostname[ESCHER_SYS_MAX_STRING_LEN] ','c_t A0xtumlsret[ESCHER_SYS_MAX_STRING_LEN];
c_t p_groups[ESCHER_SYS_MAX_STRING_LEN];
c_t p_login_name[ESCHER_SYS_MAX_STRING_LEN];
c_t p_user_id[ESCHER_SYS_MAX_STRING_LEN];
c_t p_user_name[ESCHER_SYS_MAX_STRING_LEN];
c_t p_workstation_hostname[ESCHER_SYS_MAX_STRING_LEN];
','','[],[],[],[],[],[]',' A0xtumlsret, p_groups, p_login_name, p_user_id, p_user_name, p_workstation_hostname','    Escher_strcpy( e->p_A0xtumlsret, A0xtumlsret );    Escher_strcpy( e->p_groups, p_groups );    Escher_strcpy( e->p_login_name, p_login_name );    Escher_strcpy( e->p_user_id, p_user_id );    Escher_strcpy( e->p_user_name, p_user_name );    Escher_strcpy( e->p_workstation_hostname, p_workstation_hostname );','    Escher_strcpy( e->p_groups, p_groups );    Escher_strcpy( e->p_login_name, p_login_name );    Escher_strcpy( e->p_user_id, p_user_id );    Escher_strcpy( e->p_user_name, p_user_name );    Escher_strcpy( e->p_workstation_hostname, p_workstation_hostname );','','SAC_user_logon','c_t *',1,0,'[ESCHER_SYS_MAX_STRING_LEN]','' );
INSERT INTO TE_ABA VALUES ( 155944692,'O_TFR',136281152,0,0,' c_t[ESCHER_SYS_MAX_STRING_LEN] ',' c_t A0xtumlsret[ESCHER_SYS_MAX_STRING_LEN] ','c_t A0xtumlsret[ESCHER_SYS_MAX_STRING_LEN];
','','[]',' A0xtumlsret','    Escher_strcpy( e->p_A0xtumlsret, A0xtumlsret );','','','SAC_Session_op_delete_session','c_t *',1,0,'[ESCHER_SYS_MAX_STRING_LEN]','' );
INSERT INTO TE_C VALUES ( 136281152,'SAC','',0,1,1,1,0,0,1,0,'SAC_classes','',90,80,0,0,0,0,0,0,0,0,'SAC','SAC','',1,1,0,1,0,16,0,155778572 );
INSERT INTO TE_DT VALUES ( 136290208,'MASLtype',4,0,'c_t','adfadfak_sys_types.h','CTOR','',0,'adfadfak','%s',0,0,4 );
INSERT INTO TE_DT VALUES ( 136290284,'timestamp',11,0,'Escher_TimeStamp_t','adfadfak_sys_types.h','CTOR','',0,'adfadfak','%d',0,0,303 );
INSERT INTO TE_DT VALUES ( 136290360,'inst_ref<Timer>',12,0,'Escher_Timer_t *','adfadfak_sys_types.h','0','',0,'adfadfak','%d',0,0,302 );
INSERT INTO TE_DT VALUES ( 136290436,'date',11,0,'Escher_Date_t','adfadfak_sys_types.h','CTOR','',0,'adfadfak','%d',0,0,301 );
INSERT INTO TE_DT VALUES ( 136290512,'component_ref',13,0,'','adfadfak_sys_types.h','','',0,'adfadfak','%x',0,0,300 );
INSERT INTO TE_DT VALUES ( 136290588,'inst_ref<Mapping>',12,0,'i_t','adfadfak_sys_types.h','0','',0,'adfadfak','%d',0,0,299 );
INSERT INTO TE_DT VALUES ( 136290664,'inst<Mapping>',11,0,'','adfadfak_sys_types.h','','',0,'adfadfak','%d',0,0,298 );
INSERT INTO TE_DT VALUES ( 136290740,'inst<Event>',10,0,'Escher_xtUMLEvent_t *','adfadfak_sys_types.h','0','',0,'adfadfak','%p',0,0,297 );
INSERT INTO TE_DT VALUES ( 136290816,'inst_ref_set<Object>',9,0,'Escher_ObjectSet_s *','adfadfak_sys_types.h','','',0,'adfadfak','%p',0,0,296 );
INSERT INTO TE_DT VALUES ( 136290892,'inst_ref<Object>',8,0,'void *','adfadfak_sys_types.h','','',0,'adfadfak','%p',0,0,295 );
INSERT INTO TE_DT VALUES ( 155770952,'same_as<Base_Attribute>',7,0,'','adfadfak_sys_types.h','','',0,'adfadfak','%p',0,0,294 );
INSERT INTO TE_DT VALUES ( 155771028,'state<State_Model>',6,0,'','adfadfak_sys_types.h','','',0,'adfadfak','%d',0,0,293 );
INSERT INTO TE_DT VALUES ( 155771104,'unique_id',5,0,'Escher_UniqueID_t','adfadfak_sys_types.h','0','',0,'adfadfak','%p',0,0,292 );
INSERT INTO TE_DT VALUES ( 155771180,'string',4,1,'c_t','adfadfak_sys_types.h','CTOR','',0,'adfadfak','%s',0,0,291 );
INSERT INTO TE_DT VALUES ( 155771256,'real',3,0,'r_t','adfadfak_sys_types.h','0.0','',0,'adfadfak','%f',0,0,290 );
INSERT INTO TE_DT VALUES ( 155771332,'integer',2,0,'i_t','adfadfak_sys_types.h','0','',0,'adfadfak','%d',0,0,289 );
INSERT INTO TE_DT VALUES ( 155771408,'boolean',1,0,'bool','adfadfak_sys_types.h','false','',0,'adfadfak','%d',0,0,288 );
INSERT INTO TE_DT VALUES ( 155771484,'void',0,0,'void','adfadfak_sys_types.h','0','',0,'adfadfak','',0,0,287 );
INSERT INTO TE_DT VALUES ( 155771560,'timer',4,0,'c_t','adfadfak_sys_types.h','CTOR','',0,'adfadfak','%s',0,0,78 );
INSERT INTO TE_DT VALUES ( 155771636,'duration',4,1,'c_t','adfadfak_sys_types.h','CTOR','',0,'adfadfak','%s',0,0,93 );
INSERT INTO TE_DT VALUES ( 155772312,'sequence of group_type',4,1,'c_t','adfadfak_sys_types.h','CTOR','',0,'adfadfak','%s',0,0,262 );
INSERT INTO TE_DT VALUES ( 155772388,'timestamp',4,1,'Escher_TimeStamp_t','adfadfak_sys_types.h','CTOR','',0,'adfadfak','%s',0,0,76 );
INSERT INTO TE_DT VALUES ( 155772464,'logged_on_type',4,0,'c_t','adfadfak_sys_types.h','CTOR','',0,'adfadfak','%s',0,0,286 );
INSERT INTO TE_DT VALUES ( 155772540,'sequence of string',4,1,'c_t','adfadfak_sys_types.h','CTOR','',0,'adfadfak','%s',0,0,135 );
INSERT INTO TE_DT VALUES ( 155772616,'integer',4,1,'c_t','adfadfak_sys_types.h','CTOR','',0,'adfadfak','%s',0,0,59 );
INSERT INTO TE_DT VALUES ( 155772692,'group_type',4,0,'c_t','adfadfak_sys_types.h','CTOR','',0,'SAC','%s',0,136281152,127 );
INSERT INTO TE_DT VALUES ( 155772768,'logged_on_type',4,1,'c_t','adfadfak_sys_types.h','CTOR','',0,'SAC','%s',0,136281152,100 );
INSERT INTO TE_DT VALUES ( 155772844,'instance',4,0,'c_t','adfadfak_sys_types.h','CTOR','',0,'adfadfak','%s',0,0,14 );
INSERT INTO TE_DT VALUES ( 155772920,'event',4,0,'c_t','adfadfak_sys_types.h','CTOR','',0,'adfadfak','%s',0,0,13 );
INSERT INTO TE_DT VALUES ( 155772996,'enum',4,0,'c_t','adfadfak_sys_types.h','CTOR','',0,'adfadfak','%s',0,0,12 );
INSERT INTO TE_DT VALUES ( 155773688,'device',4,0,'c_t','adfadfak_sys_types.h','CTOR','',0,'adfadfak','%s',0,0,11 );
INSERT INTO TE_DT VALUES ( 155773764,'wstring',4,0,'c_t','adfadfak_sys_types.h','CTOR','',0,'adfadfak','%s',0,0,10 );
INSERT INTO TE_DT VALUES ( 155773840,'string',4,1,'c_t','adfadfak_sys_types.h','CTOR','',0,'adfadfak','%s',0,0,9 );
INSERT INTO TE_DT VALUES ( 155773916,'byte',4,0,'c_t','adfadfak_sys_types.h','CTOR','',0,'adfadfak','%s',0,0,8 );
INSERT INTO TE_DT VALUES ( 155773992,'boolean',4,1,'c_t','adfadfak_sys_types.h','CTOR','',0,'adfadfak','%s',0,0,7 );
INSERT INTO TE_DT VALUES ( 155774068,'wcharacter',4,0,'c_t','adfadfak_sys_types.h','CTOR','',0,'adfadfak','%s',0,0,6 );
INSERT INTO TE_DT VALUES ( 155774144,'character',4,0,'c_t','adfadfak_sys_types.h','CTOR','',0,'adfadfak','%s',0,0,5 );
INSERT INTO TE_DT VALUES ( 155774220,'void',4,0,'c_t','adfadfak_sys_types.h','CTOR','',0,'adfadfak','%s',0,0,3 );
INSERT INTO TE_SYNC VALUES ( 'test_SAC_1',0,0,0,1,0,136276684,'SAC_test_SAC_1','SAC_test_SAC_1','SAC_test_SAC_1_deferred',136281152,282,136320192,136320736 );
INSERT INTO TE_SYNC VALUES ( 'resend_infos_3',0,0,0,1,0,155836480,'SAC_resend_infos_3','SAC_resend_infos_3','SAC_resend_infos_3_deferred',136281152,279,136320260,155778436 );
INSERT INTO TE_SYNC VALUES ( 'soa_subscribe_2',0,0,0,1,0,155836588,'SAC_soa_subscribe_2','SAC_soa_subscribe_2','SAC_soa_subscribe_2_deferred',136281152,276,136320328,136320192 );
INSERT INTO TE_SYNC VALUES ( 'populate_domain_1',0,0,0,1,0,155836696,'SAC_populate_domain_1','SAC_populate_domain_1','SAC_populate_domain_1_deferred',136281152,273,136320396,136320668 );
INSERT INTO TE_SYNC VALUES ( 'reload_config_files',0,0,0,1,0,155836804,'SAC_reload_config_files','SAC_reload_config_files','SAC_reload_config_files_deferred',136281152,270,136320464,155777100 );
INSERT INTO TE_SYNC VALUES ( 'get_session_specification',0,0,0,1,0,155836912,'SAC_get_session_specification','SAC_get_session_specification','SAC_get_session_specification_deferred',136281152,265,136320532,155777032 );
INSERT INTO TE_SYNC VALUES ( 'get_groups',0,0,0,1,0,155837020,'SAC_get_groups','SAC_get_groups','SAC_get_groups_deferred',136281152,260,136320600,136320532 );
INSERT INTO TE_SYNC VALUES ( 'raise_notification',0,0,0,1,0,155837128,'SAC_raise_notification','SAC_raise_notification','SAC_raise_notification_deferred',136281152,255,136320668,136320464 );
INSERT INTO TE_SYNC VALUES ( 'user_group_removed',0,0,0,1,0,155837236,'SAC_user_group_removed','SAC_user_group_removed','SAC_user_group_removed_deferred',136281152,248,136320736,155778640 );
INSERT INTO TE_SYNC VALUES ( 'report_user_group',0,0,0,1,0,155837344,'SAC_report_user_group','SAC_report_user_group','SAC_report_user_group_deferred',136281152,241,136320804,155776828 );
INSERT INTO TE_SYNC VALUES ( 'user_operation_removed',0,0,0,1,0,155837452,'SAC_user_operation_removed','SAC_user_operation_removed','SAC_user_operation_removed_deferred',136281152,234,155776760,155777304 );
INSERT INTO TE_SYNC VALUES ( 'report_user_operation',0,0,0,1,0,155879312,'SAC_report_user_operation','SAC_report_user_operation','SAC_report_user_operation_deferred',136281152,227,155776828,155777236 );
INSERT INTO TE_SYNC VALUES ( 'group_operation_removed',0,0,0,1,0,155879420,'SAC_group_operation_removed','SAC_group_operation_removed','SAC_group_operation_removed_deferred',136281152,222,155776896,155778096 );
INSERT INTO TE_SYNC VALUES ( 'report_group_operation',0,0,0,1,0,155879528,'SAC_report_group_operation','SAC_report_group_operation','SAC_report_group_operation_deferred',136281152,217,155776964,155777372 );
INSERT INTO TE_SYNC VALUES ( 'group_deleted',0,0,0,1,0,155879636,'SAC_group_deleted','SAC_group_deleted','SAC_group_deleted_deferred',136281152,213,155777032,155776896 );
INSERT INTO TE_SYNC VALUES ( 'report_group',0,0,0,1,0,155879744,'SAC_report_group','SAC_report_group','SAC_report_group_deferred',136281152,209,155777100,155776964 );
INSERT INTO TE_SYNC VALUES ( 'user_session_deleted',0,0,0,1,0,155879852,'SAC_user_session_deleted','SAC_user_session_deleted','SAC_user_session_deleted_deferred',136281152,205,155777168,0 );
INSERT INTO TE_SYNC VALUES ( 'report_user_session',0,0,0,1,0,155879960,'SAC_report_user_session','SAC_report_user_session','SAC_report_user_session_deferred',136281152,196,155777236,155778164 );
INSERT INTO TE_SYNC VALUES ( 'user_removed',0,0,0,1,0,155880068,'SAC_user_removed','SAC_user_removed','SAC_user_removed_deferred',136281152,191,155777304,155777168 );
INSERT INTO TE_SYNC VALUES ( 'report_user',0,0,0,1,0,155880176,'SAC_report_user','SAC_report_user','SAC_report_user_deferred',136281152,184,155777372,136320804 );
INSERT INTO TE_SYNC VALUES ( 'login_valid',0,0,0,1,0,155880284,'SAC_login_valid','SAC_login_valid','SAC_login_valid_deferred',136281152,175,155778096,155778232 );
INSERT INTO TE_SYNC VALUES ( 'resend_infos',0,0,0,1,0,155943720,'SAC_resend_infos','SAC_resend_infos','SAC_resend_infos_deferred',136281152,172,155778164,136320260 );
INSERT INTO TE_SYNC VALUES ( 'populate_domain',0,0,0,1,0,155943828,'SAC_populate_domain','SAC_populate_domain','SAC_populate_domain_deferred',136281152,168,155778232,136320396 );
INSERT INTO TE_SYNC VALUES ( 'delete_group_operation',0,0,0,1,0,155943936,'SAC_delete_group_operation','SAC_delete_group_operation','SAC_delete_group_operation_deferred',136281152,163,155778300,136320600 );
INSERT INTO TE_SYNC VALUES ( 'delete_group',0,0,0,1,0,155944044,'SAC_delete_group','SAC_delete_group','SAC_delete_group_deferred',136281152,159,155778368,155778300 );
INSERT INTO TE_SYNC VALUES ( 'session_active',0,0,0,1,0,155944152,'SAC_session_active','SAC_session_active','SAC_session_active_deferred',136281152,153,155778436,136320328 );
INSERT INTO TE_SYNC VALUES ( 'add_operation_to_group',0,0,0,1,0,155944260,'SAC_add_operation_to_group','SAC_add_operation_to_group','SAC_add_operation_to_group_deferred',136281152,148,155778504,155778368 );
INSERT INTO TE_SYNC VALUES ( 'add_group',0,0,0,1,0,155944368,'SAC_add_group','SAC_add_group','SAC_add_group_deferred',136281152,144,155778572,155778504 );
INSERT INTO TE_SYNC VALUES ( 'user_logoff',0,0,0,1,0,155944476,'SAC_user_logoff','SAC_user_logoff','SAC_user_logoff_deferred',136281152,138,155778640,155778708 );
INSERT INTO TE_SYNC VALUES ( 'user_logon',0,0,0,1,0,155944584,'SAC_user_logon','SAC_user_logon','SAC_user_logon_deferred',136281152,129,155778708,155776760 );
INSERT INTO TE_TFR VALUES ( 0,1,1,'Session','delete_session','SAC_Session_op_delete_session',155944692,71 );
INSERT INTO R_REL VALUES ( 107,1,'',0 );
INSERT INTO R_REL VALUES ( 111,3,'',0 );
INSERT INTO R_REL VALUES ( 115,2,'',0 );
INSERT INTO R_REL VALUES ( 119,4,'',0 );
INSERT INTO R_REL VALUES ( 122,5,'',0 );
INSERT INTO TE_PARM VALUES ( 'A0xtumlsret','',0,'','',136306336,0,'A0xtumlsret',0,155771180,1,0,'[ESCHER_SYS_MAX_STRING_LEN]',0,0,0,0,0,0,0 );
INSERT INTO TE_PARM VALUES ( 'heartbeat_failure_threshold','',1,'','',136306464,136306592,'p_heartbeat_failure_threshold',0,155772616,1,0,'[ESCHER_SYS_MAX_STRING_LEN]',155836912,0,0,267,0,0,0 );
INSERT INTO TE_PARM VALUES ( 'heartbeat_time','',2,'','',136306592,0,'p_heartbeat_time',0,155771636,1,0,'[ESCHER_SYS_MAX_STRING_LEN]',155836912,0,0,266,0,0,0 );
INSERT INTO TE_PARM VALUES ( 'groups','',1,'','',136306720,0,'p_groups',0,155772312,1,0,'[ESCHER_SYS_MAX_STRING_LEN]',155837020,0,0,261,0,0,0 );
INSERT INTO TE_PARM VALUES ( 'condition_name','',2,'','',136306848,0,'p_condition_name',0,155773840,1,0,'[ESCHER_SYS_MAX_STRING_LEN]',155837128,0,0,257,0,0,0 );
INSERT INTO TE_PARM VALUES ( 'condition_description','',1,'','',136306976,136306848,'p_condition_description',0,155773840,1,0,'[ESCHER_SYS_MAX_STRING_LEN]',155837128,0,0,256,0,0,0 );
INSERT INTO TE_PARM VALUES ( 'session_id','',3,'','',136307104,136307488,'p_session_id',0,155772616,1,0,'[ESCHER_SYS_MAX_STRING_LEN]',155837236,0,0,250,0,0,0 );
INSERT INTO TE_PARM VALUES ( 'login_name','',2,'','',136307232,136307104,'p_login_name',0,155773840,1,0,'[ESCHER_SYS_MAX_STRING_LEN]',155837236,0,0,252,0,0,0 );
INSERT INTO TE_PARM VALUES ( 'group_name','',1,'','',136307360,136307232,'p_group_name',0,155773840,1,0,'[ESCHER_SYS_MAX_STRING_LEN]',155837236,0,0,251,0,0,0 );
INSERT INTO TE_PARM VALUES ( 'uid','',4,'','',136307488,0,'p_uid',0,155772616,1,0,'[ESCHER_SYS_MAX_STRING_LEN]',155837236,0,0,249,0,0,0 );
INSERT INTO TE_PARM VALUES ( 'session_id','',3,'','',155784544,155784928,'p_session_id',0,155772616,1,0,'[ESCHER_SYS_MAX_STRING_LEN]',155837344,0,0,243,0,0,0 );
INSERT INTO TE_PARM VALUES ( 'login_name','',2,'','',155784672,155784544,'p_login_name',0,155773840,1,0,'[ESCHER_SYS_MAX_STRING_LEN]',155837344,0,0,245,0,0,0 );
INSERT INTO TE_PARM VALUES ( 'group_name','',1,'','',155784800,155784672,'p_group_name',0,155773840,1,0,'[ESCHER_SYS_MAX_STRING_LEN]',155837344,0,0,244,0,0,0 );
INSERT INTO TE_PARM VALUES ( 'uid','',4,'','',155784928,0,'p_uid',0,155772616,1,0,'[ESCHER_SYS_MAX_STRING_LEN]',155837344,0,0,242,0,0,0 );
INSERT INTO TE_PARM VALUES ( 'session_id','',3,'','',155785056,155785440,'p_session_id',0,155772616,1,0,'[ESCHER_SYS_MAX_STRING_LEN]',155837452,0,0,236,0,0,0 );
INSERT INTO TE_PARM VALUES ( 'login_name','',1,'','',155785184,155785312,'p_login_name',0,155773840,1,0,'[ESCHER_SYS_MAX_STRING_LEN]',155837452,0,0,238,0,0,0 );
INSERT INTO TE_PARM VALUES ( 'operation_name','',2,'','',155785312,155785056,'p_operation_name',0,155773840,1,0,'[ESCHER_SYS_MAX_STRING_LEN]',155837452,0,0,237,0,0,0 );
INSERT INTO TE_PARM VALUES ( 'user_id','',4,'','',155785440,0,'p_user_id',0,155772616,1,0,'[ESCHER_SYS_MAX_STRING_LEN]',155837452,0,0,235,0,0,0 );
INSERT INTO TE_PARM VALUES ( 'session_id','',3,'','',155785568,155787896,'p_session_id',0,155772616,1,0,'[ESCHER_SYS_MAX_STRING_LEN]',155879312,0,0,229,0,0,0 );
INSERT INTO TE_PARM VALUES ( 'login_name','',1,'','',155785696,155787768,'p_login_name',0,155773840,1,0,'[ESCHER_SYS_MAX_STRING_LEN]',155879312,0,0,231,0,0,0 );
INSERT INTO TE_PARM VALUES ( 'operation_name','',2,'','',155787768,155785568,'p_operation_name',0,155773840,1,0,'[ESCHER_SYS_MAX_STRING_LEN]',155879312,0,0,230,0,0,0 );
INSERT INTO TE_PARM VALUES ( 'user_id','',4,'','',155787896,0,'p_user_id',0,155772616,1,0,'[ESCHER_SYS_MAX_STRING_LEN]',155879312,0,0,228,0,0,0 );
INSERT INTO TE_PARM VALUES ( 'operation_name','',2,'','',155788024,0,'p_operation_name',0,155773840,1,0,'[ESCHER_SYS_MAX_STRING_LEN]',155879420,0,0,224,0,0,0 );
INSERT INTO TE_PARM VALUES ( 'group_name','',1,'','',155788152,155788024,'p_group_name',0,155773840,1,0,'[ESCHER_SYS_MAX_STRING_LEN]',155879420,0,0,223,0,0,0 );
INSERT INTO TE_PARM VALUES ( 'operation_name','',2,'','',155788280,0,'p_operation_name',0,155773840,1,0,'[ESCHER_SYS_MAX_STRING_LEN]',155879528,0,0,219,0,0,0 );
INSERT INTO TE_PARM VALUES ( 'group_name','',1,'','',155788408,155788280,'p_group_name',0,155773840,1,0,'[ESCHER_SYS_MAX_STRING_LEN]',155879528,0,0,218,0,0,0 );
INSERT INTO TE_PARM VALUES ( 'group_name','',1,'','',155788536,0,'p_group_name',0,155773840,1,0,'[ESCHER_SYS_MAX_STRING_LEN]',155879636,0,0,214,0,0,0 );
INSERT INTO TE_PARM VALUES ( 'group_name','',1,'','',155788664,0,'p_group_name',0,155773840,1,0,'[ESCHER_SYS_MAX_STRING_LEN]',155879744,0,0,210,0,0,0 );
INSERT INTO TE_PARM VALUES ( 'session_id','',1,'','',155788792,0,'p_session_id',0,155772616,1,0,'[ESCHER_SYS_MAX_STRING_LEN]',155879852,0,0,206,0,0,0 );
INSERT INTO TE_PARM VALUES ( 'login_name','',1,'','',155788920,155791288,'p_login_name',0,155773840,1,0,'[ESCHER_SYS_MAX_STRING_LEN]',155879960,0,0,201,0,0,0 );
INSERT INTO TE_PARM VALUES ( 'workstation_hostname','',6,'','',155791032,0,'p_workstation_hostname',0,155773840,1,0,'[ESCHER_SYS_MAX_STRING_LEN]',155879960,0,0,202,0,0,0 );
INSERT INTO TE_PARM VALUES ( 'session_timed_out','',4,'','',155791160,155791416,'p_session_timed_out',0,155773992,1,0,'[ESCHER_SYS_MAX_STRING_LEN]',155879960,0,0,200,0,0,0 );
INSERT INTO TE_PARM VALUES ( 'login_time','',2,'','',155791288,155791544,'p_login_time',0,155772388,1,0,'[ESCHER_SYS_MAX_STRING_LEN]',155879960,0,0,198,0,0,0 );
INSERT INTO TE_PARM VALUES ( 'user_id','',5,'','',155791416,155791032,'p_user_id',0,155772616,1,0,'[ESCHER_SYS_MAX_STRING_LEN]',155879960,0,0,199,0,0,0 );
INSERT INTO TE_PARM VALUES ( 'session_id','',3,'','',155791544,155791160,'p_session_id',0,155772616,1,0,'[ESCHER_SYS_MAX_STRING_LEN]',155879960,0,0,197,0,0,0 );
INSERT INTO TE_PARM VALUES ( 'login_name','',1,'','',155791672,155791800,'p_login_name',0,155773840,1,0,'[ESCHER_SYS_MAX_STRING_LEN]',155880068,0,0,193,0,0,0 );
INSERT INTO TE_PARM VALUES ( 'user_id','',2,'','',155791800,0,'p_user_id',0,155772616,1,0,'[ESCHER_SYS_MAX_STRING_LEN]',155880068,0,0,192,0,0,0 );
INSERT INTO TE_PARM VALUES ( 'logged_on','',1,'','',155791928,155792184,'p_logged_on',0,155772768,1,0,'[ESCHER_SYS_MAX_STRING_LEN]',155880176,0,0,187,0,0,0 );
INSERT INTO TE_PARM VALUES ( 'user_name','',4,'','',155792056,0,'p_user_name',0,155773840,1,0,'[ESCHER_SYS_MAX_STRING_LEN]',155880176,0,0,188,0,0,0 );
INSERT INTO TE_PARM VALUES ( 'login_name','',2,'','',155792184,155794256,'p_login_name',0,155773840,1,0,'[ESCHER_SYS_MAX_STRING_LEN]',155880176,0,0,186,0,0,0 );
INSERT INTO TE_PARM VALUES ( 'user_id','',3,'','',155794256,155792056,'p_user_id',0,155772616,1,0,'[ESCHER_SYS_MAX_STRING_LEN]',155880176,0,0,185,0,0,0 );
INSERT INTO TE_PARM VALUES ( 'login_name','',3,'','',155794384,155795024,'p_login_name',0,155773840,1,0,'[ESCHER_SYS_MAX_STRING_LEN]',155880284,0,0,177,0,0,0 );
INSERT INTO TE_PARM VALUES ( 'workstation_hostname','',6,'','',155794512,0,'p_workstation_hostname',0,155773840,1,0,'[ESCHER_SYS_MAX_STRING_LEN]',155880284,0,0,181,0,0,0 );
INSERT INTO TE_PARM VALUES ( 'failure_reason','',1,'','',155794640,155794768,'p_failure_reason',0,155773840,1,0,'[ESCHER_SYS_MAX_STRING_LEN]',155880284,0,0,180,0,0,0 );
INSERT INTO TE_PARM VALUES ( 'is_valid','',2,'','',155794768,155794384,'p_is_valid',0,155773992,1,0,'[ESCHER_SYS_MAX_STRING_LEN]',155880284,0,0,179,0,0,0 );
INSERT INTO TE_PARM VALUES ( 'user_id','',5,'','',155794896,155794512,'p_user_id',0,155772616,1,0,'[ESCHER_SYS_MAX_STRING_LEN]',155880284,0,0,178,0,0,0 );
INSERT INTO TE_PARM VALUES ( 'session_id','',4,'','',155795024,155794896,'p_session_id',0,155772616,1,0,'[ESCHER_SYS_MAX_STRING_LEN]',155880284,0,0,176,0,0,0 );
INSERT INTO TE_PARM VALUES ( 'reload_config_files','',1,'','',155795152,0,'p_reload_config_files',0,155773992,1,0,'[ESCHER_SYS_MAX_STRING_LEN]',155943828,0,0,169,0,0,0 );
INSERT INTO TE_PARM VALUES ( 'operations','',2,'','',155795280,0,'p_operations',0,155772540,1,0,'[ESCHER_SYS_MAX_STRING_LEN]',155943936,0,0,165,0,0,0 );
INSERT INTO TE_PARM VALUES ( 'group_name','',1,'','',155795408,155795280,'p_group_name',0,155773840,1,0,'[ESCHER_SYS_MAX_STRING_LEN]',155943936,0,0,164,0,0,0 );
INSERT INTO TE_PARM VALUES ( 'group_name','',1,'','',155797528,0,'p_group_name',0,155773840,1,0,'[ESCHER_SYS_MAX_STRING_LEN]',155944044,0,0,160,0,0,0 );
INSERT INTO TE_PARM VALUES ( 'login_name','',1,'','',155797656,155797912,'p_login_name',0,155773840,1,0,'[ESCHER_SYS_MAX_STRING_LEN]',155944152,0,0,155,0,0,0 );
INSERT INTO TE_PARM VALUES ( 'user_id','',3,'','',155797784,0,'p_user_id',0,155772616,1,0,'[ESCHER_SYS_MAX_STRING_LEN]',155944152,0,0,156,0,0,0 );
INSERT INTO TE_PARM VALUES ( 'session_id','',2,'','',155797912,155797784,'p_session_id',0,155772616,1,0,'[ESCHER_SYS_MAX_STRING_LEN]',155944152,0,0,154,0,0,0 );
INSERT INTO TE_PARM VALUES ( 'operations','',2,'','',155798040,0,'p_operations',0,155772540,1,0,'[ESCHER_SYS_MAX_STRING_LEN]',155944260,0,0,150,0,0,0 );
INSERT INTO TE_PARM VALUES ( 'group_name','',1,'','',155798168,155798040,'p_group_name',0,155773840,1,0,'[ESCHER_SYS_MAX_STRING_LEN]',155944260,0,0,149,0,0,0 );
INSERT INTO TE_PARM VALUES ( 'group_name','',1,'','',155798296,0,'p_group_name',0,155773840,1,0,'[ESCHER_SYS_MAX_STRING_LEN]',155944368,0,0,145,0,0,0 );
INSERT INTO TE_PARM VALUES ( 'login_name','',1,'','',155798424,155798680,'p_login_name',0,155773840,1,0,'[ESCHER_SYS_MAX_STRING_LEN]',155944476,0,0,140,0,0,0 );
INSERT INTO TE_PARM VALUES ( 'user_id','',3,'','',155798552,0,'p_user_id',0,155772616,1,0,'[ESCHER_SYS_MAX_STRING_LEN]',155944476,0,0,141,0,0,0 );
INSERT INTO TE_PARM VALUES ( 'session_id','',2,'','',155798680,155798552,'p_session_id',0,155772616,1,0,'[ESCHER_SYS_MAX_STRING_LEN]',155944476,0,0,139,0,0,0 );
INSERT INTO TE_PARM VALUES ( 'groups','',1,'','',155800728,155801112,'p_groups',0,155772540,1,0,'[ESCHER_SYS_MAX_STRING_LEN]',155944584,0,0,132,0,0,0 );
INSERT INTO TE_PARM VALUES ( 'workstation_hostname','',5,'','',155800856,0,'p_workstation_hostname',0,155773840,1,0,'[ESCHER_SYS_MAX_STRING_LEN]',155944584,0,0,134,0,0,0 );
INSERT INTO TE_PARM VALUES ( 'user_name','',4,'','',155800984,155800856,'p_user_name',0,155773840,1,0,'[ESCHER_SYS_MAX_STRING_LEN]',155944584,0,0,133,0,0,0 );
INSERT INTO TE_PARM VALUES ( 'login_name','',2,'','',155801112,155801240,'p_login_name',0,155773840,1,0,'[ESCHER_SYS_MAX_STRING_LEN]',155944584,0,0,131,0,0,0 );
INSERT INTO TE_PARM VALUES ( 'user_id','',3,'','',155801240,155800984,'p_user_id',0,155772616,1,0,'[ESCHER_SYS_MAX_STRING_LEN]',155944584,0,0,130,0,0,0 );
INSERT INTO TE_PARM VALUES ( 'A0xtumlsret','xtuml string return parm',0,'','',155801368,0,'A0xtumlsret',0,155771180,1,0,'[ESCHER_SYS_MAX_STRING_LEN]',136275712,0,0,0,0,0,0 );
INSERT INTO TE_PARM VALUES ( 'A0xtumlsret','xtuml string return parm',0,'','',155801496,0,'A0xtumlsret',0,155771180,1,0,'[ESCHER_SYS_MAX_STRING_LEN]',136275820,0,0,0,0,0,0 );
INSERT INTO TE_PARM VALUES ( 'A0xtumlsret','xtuml string return parm',0,'','',155801624,0,'A0xtumlsret',0,155771180,1,0,'[ESCHER_SYS_MAX_STRING_LEN]',136275928,0,0,0,0,0,0 );
INSERT INTO TE_PARM VALUES ( 'A0xtumlsret','xtuml string return parm',0,'','',155801752,0,'A0xtumlsret',0,155771180,1,0,'[ESCHER_SYS_MAX_STRING_LEN]',136276036,0,0,0,0,0,0 );
INSERT INTO TE_PARM VALUES ( 'A0xtumlsret','xtuml string return parm',0,'','',155801880,0,'A0xtumlsret',0,155771180,1,0,'[ESCHER_SYS_MAX_STRING_LEN]',136276144,0,0,0,0,0,0 );
INSERT INTO TE_PARM VALUES ( 'A0xtumlsret','xtuml string return parm',0,'','',155811376,0,'A0xtumlsret',0,155771180,1,0,'[ESCHER_SYS_MAX_STRING_LEN]',136276252,0,0,0,0,0,0 );
INSERT INTO TE_PARM VALUES ( 'A0xtumlsret','xtuml string return parm',0,'','',155811504,0,'A0xtumlsret',0,155771180,1,0,'[ESCHER_SYS_MAX_STRING_LEN]',136276360,0,0,0,0,0,0 );
INSERT INTO TE_PARM VALUES ( 'A0xtumlsret','xtuml string return parm',0,'','',155811632,0,'A0xtumlsret',0,155771180,1,0,'[ESCHER_SYS_MAX_STRING_LEN]',136276468,0,0,0,0,0,0 );
INSERT INTO TE_PARM VALUES ( 'A0xtumlsret','xtuml string return parm',0,'','',155811760,0,'A0xtumlsret',0,155771180,1,0,'[ESCHER_SYS_MAX_STRING_LEN]',136276576,0,0,0,0,0,0 );
INSERT INTO TE_PARM VALUES ( 'A0xtumlsret','xtuml string return parm',0,'','',155811888,0,'A0xtumlsret',0,155771180,1,0,'[ESCHER_SYS_MAX_STRING_LEN]',136276684,0,0,0,0,0,0 );
INSERT INTO TE_PARM VALUES ( 'A0xtumlsret','xtuml string return parm',0,'','',155812016,0,'A0xtumlsret',0,155771180,1,0,'[ESCHER_SYS_MAX_STRING_LEN]',155836480,0,0,0,0,0,0 );
INSERT INTO TE_PARM VALUES ( 'A0xtumlsret','xtuml string return parm',0,'','',155812144,0,'A0xtumlsret',0,155771180,1,0,'[ESCHER_SYS_MAX_STRING_LEN]',155836588,0,0,0,0,0,0 );
INSERT INTO TE_PARM VALUES ( 'A0xtumlsret','xtuml string return parm',0,'','',155812272,0,'A0xtumlsret',0,155771180,1,0,'[ESCHER_SYS_MAX_STRING_LEN]',155836696,0,0,0,0,0,0 );
INSERT INTO TE_PARM VALUES ( 'A0xtumlsret','xtuml string return parm',0,'','',155812400,0,'A0xtumlsret',0,155771180,1,0,'[ESCHER_SYS_MAX_STRING_LEN]',155836804,0,0,0,0,0,0 );
INSERT INTO TE_PARM VALUES ( 'A0xtumlsret','xtuml string return parm',0,'','',155812528,136306464,'A0xtumlsret',0,155771180,1,0,'[ESCHER_SYS_MAX_STRING_LEN]',155836912,0,0,0,0,0,0 );
INSERT INTO TE_PARM VALUES ( 'A0xtumlsret','xtuml string return parm',0,'','',155847840,136306720,'A0xtumlsret',0,155771180,1,0,'[ESCHER_SYS_MAX_STRING_LEN]',155837020,0,0,0,0,0,0 );
INSERT INTO TE_PARM VALUES ( 'A0xtumlsret','xtuml string return parm',0,'','',155847968,136306976,'A0xtumlsret',0,155771180,1,0,'[ESCHER_SYS_MAX_STRING_LEN]',155837128,0,0,0,0,0,0 );
INSERT INTO TE_PARM VALUES ( 'A0xtumlsret','xtuml string return parm',0,'','',155848096,136307360,'A0xtumlsret',0,155771180,1,0,'[ESCHER_SYS_MAX_STRING_LEN]',155837236,0,0,0,0,0,0 );
INSERT INTO TE_PARM VALUES ( 'A0xtumlsret','xtuml string return parm',0,'','',155848224,155784800,'A0xtumlsret',0,155771180,1,0,'[ESCHER_SYS_MAX_STRING_LEN]',155837344,0,0,0,0,0,0 );
INSERT INTO TE_PARM VALUES ( 'A0xtumlsret','xtuml string return parm',0,'','',155848352,155785184,'A0xtumlsret',0,155771180,1,0,'[ESCHER_SYS_MAX_STRING_LEN]',155837452,0,0,0,0,0,0 );
INSERT INTO TE_PARM VALUES ( 'A0xtumlsret','xtuml string return parm',0,'','',155848480,155785696,'A0xtumlsret',0,155771180,1,0,'[ESCHER_SYS_MAX_STRING_LEN]',155879312,0,0,0,0,0,0 );
INSERT INTO TE_PARM VALUES ( 'A0xtumlsret','xtuml string return parm',0,'','',155848608,155788152,'A0xtumlsret',0,155771180,1,0,'[ESCHER_SYS_MAX_STRING_LEN]',155879420,0,0,0,0,0,0 );
INSERT INTO TE_PARM VALUES ( 'A0xtumlsret','xtuml string return parm',0,'','',155848736,155788408,'A0xtumlsret',0,155771180,1,0,'[ESCHER_SYS_MAX_STRING_LEN]',155879528,0,0,0,0,0,0 );
INSERT INTO TE_PARM VALUES ( 'A0xtumlsret','xtuml string return parm',0,'','',155848864,155788536,'A0xtumlsret',0,155771180,1,0,'[ESCHER_SYS_MAX_STRING_LEN]',155879636,0,0,0,0,0,0 );
INSERT INTO TE_PARM VALUES ( 'A0xtumlsret','xtuml string return parm',0,'','',155848992,155788664,'A0xtumlsret',0,155771180,1,0,'[ESCHER_SYS_MAX_STRING_LEN]',155879744,0,0,0,0,0,0 );
INSERT INTO TE_PARM VALUES ( 'A0xtumlsret','xtuml string return parm',0,'','',155901448,155788792,'A0xtumlsret',0,155771180,1,0,'[ESCHER_SYS_MAX_STRING_LEN]',155879852,0,0,0,0,0,0 );
INSERT INTO TE_PARM VALUES ( 'A0xtumlsret','xtuml string return parm',0,'','',155901576,155788920,'A0xtumlsret',0,155771180,1,0,'[ESCHER_SYS_MAX_STRING_LEN]',155879960,0,0,0,0,0,0 );
INSERT INTO TE_PARM VALUES ( 'A0xtumlsret','xtuml string return parm',0,'','',155901704,155791672,'A0xtumlsret',0,155771180,1,0,'[ESCHER_SYS_MAX_STRING_LEN]',155880068,0,0,0,0,0,0 );
INSERT INTO TE_PARM VALUES ( 'A0xtumlsret','xtuml string return parm',0,'','',155901832,155791928,'A0xtumlsret',0,155771180,1,0,'[ESCHER_SYS_MAX_STRING_LEN]',155880176,0,0,0,0,0,0 );
INSERT INTO TE_PARM VALUES ( 'A0xtumlsret','xtuml string return parm',0,'','',155901960,155794640,'A0xtumlsret',0,155771180,1,0,'[ESCHER_SYS_MAX_STRING_LEN]',155880284,0,0,0,0,0,0 );
INSERT INTO TE_PARM VALUES ( 'A0xtumlsret','xtuml string return parm',0,'','',155902088,0,'A0xtumlsret',0,155771180,1,0,'[ESCHER_SYS_MAX_STRING_LEN]',155943720,0,0,0,0,0,0 );
INSERT INTO TE_PARM VALUES ( 'A0xtumlsret','xtuml string return parm',0,'','',155902216,155795152,'A0xtumlsret',0,155771180,1,0,'[ESCHER_SYS_MAX_STRING_LEN]',155943828,0,0,0,0,0,0 );
INSERT INTO TE_PARM VALUES ( 'A0xtumlsret','xtuml string return parm',0,'','',155902344,155795408,'A0xtumlsret',0,155771180,1,0,'[ESCHER_SYS_MAX_STRING_LEN]',155943936,0,0,0,0,0,0 );
INSERT INTO TE_PARM VALUES ( 'A0xtumlsret','xtuml string return parm',0,'','',155902472,155797528,'A0xtumlsret',0,155771180,1,0,'[ESCHER_SYS_MAX_STRING_LEN]',155944044,0,0,0,0,0,0 );
INSERT INTO TE_PARM VALUES ( 'A0xtumlsret','xtuml string return parm',0,'','',155902600,155797656,'A0xtumlsret',0,155771180,1,0,'[ESCHER_SYS_MAX_STRING_LEN]',155944152,0,0,0,0,0,0 );
INSERT INTO TE_PARM VALUES ( 'A0xtumlsret','xtuml string return parm',0,'','',155961080,155798168,'A0xtumlsret',0,155771180,1,0,'[ESCHER_SYS_MAX_STRING_LEN]',155944260,0,0,0,0,0,0 );
INSERT INTO TE_PARM VALUES ( 'A0xtumlsret','xtuml string return parm',0,'','',155961208,155798296,'A0xtumlsret',0,155771180,1,0,'[ESCHER_SYS_MAX_STRING_LEN]',155944368,0,0,0,0,0,0 );
INSERT INTO TE_PARM VALUES ( 'A0xtumlsret','xtuml string return parm',0,'','',155961336,155798424,'A0xtumlsret',0,155771180,1,0,'[ESCHER_SYS_MAX_STRING_LEN]',155944476,0,0,0,0,0,0 );
INSERT INTO TE_PARM VALUES ( 'A0xtumlsret','xtuml string return parm',0,'','',155961464,155800728,'A0xtumlsret',0,155771180,1,0,'[ESCHER_SYS_MAX_STRING_LEN]',155944584,0,0,0,0,0,0 );
INSERT INTO TE_PARM VALUES ( 'A0xtumlsret','xtuml string return parm',0,'','',155961592,0,'A0xtumlsret',0,155771180,1,0,'[ESCHER_SYS_MAX_STRING_LEN]',155944692,0,0,0,0,0,0 );
INSERT INTO TE_WHERE VALUES ( 0,'SAC_Session_Operation_AnyWhere1',0,104 );
INSERT INTO TE_WHERE VALUES ( 0,'SAC_Session_Operation_AnyWhere2',1,104 );
INSERT INTO TE_WHERE VALUES ( 0,'SAC_Session_Operation_AnyWhere3',2,104 );
INSERT INTO TE_WHERE VALUES ( 0,'SAC_Workstation_AnyWhere1',0,101 );
INSERT INTO TE_WHERE VALUES ( 0,'SAC_Workstation_AnyWhere2',1,101 );
INSERT INTO TE_WHERE VALUES ( 0,'SAC_Workstation_AnyWhere3',2,101 );
INSERT INTO TE_WHERE VALUES ( 0,'SAC_User_AnyWhere1',0,95 );
INSERT INTO TE_WHERE VALUES ( 0,'SAC_User_AnyWhere2',1,95 );
INSERT INTO TE_WHERE VALUES ( 0,'SAC_User_AnyWhere3',2,95 );
INSERT INTO TE_WHERE VALUES ( 0,'SAC_Session_Specification_AnyWhere1',0,90 );
INSERT INTO TE_WHERE VALUES ( 0,'SAC_Session_Specification_AnyWhere2',1,90 );
INSERT INTO TE_WHERE VALUES ( 0,'SAC_Session_Specification_AnyWhere3',2,90 );
INSERT INTO TE_WHERE VALUES ( 0,'SAC_Session_AnyWhere1',0,70 );
INSERT INTO TE_WHERE VALUES ( 0,'SAC_Session_AnyWhere2',1,70 );
INSERT INTO TE_WHERE VALUES ( 0,'SAC_Session_AnyWhere3',2,70 );
INSERT INTO TE_WHERE VALUES ( 0,'SAC_Operation_AnyWhere1',0,67 );
INSERT INTO TE_WHERE VALUES ( 0,'SAC_Operation_AnyWhere2',1,67 );
INSERT INTO TE_WHERE VALUES ( 0,'SAC_Operation_AnyWhere3',2,67 );
INSERT INTO TE_WHERE VALUES ( 0,'SAC_Group_Operation_AnyWhere1',0,64 );
INSERT INTO TE_WHERE VALUES ( 0,'SAC_Group_Operation_AnyWhere2',1,64 );
INSERT INTO TE_WHERE VALUES ( 0,'SAC_Group_Operation_AnyWhere3',2,64 );
INSERT INTO TE_WHERE VALUES ( 0,'SAC_Group_For_Session_AnyWhere1',0,61 );
INSERT INTO TE_WHERE VALUES ( 0,'SAC_Group_For_Session_AnyWhere2',1,61 );
INSERT INTO TE_WHERE VALUES ( 0,'SAC_Group_For_Session_AnyWhere3',2,61 );
INSERT INTO TE_WHERE VALUES ( 0,'SAC_Group_AnyWhere1',0,57 );
INSERT INTO TE_WHERE VALUES ( 0,'SAC_Group_AnyWhere2',1,57 );
INSERT INTO TE_WHERE VALUES ( 0,'SAC_Group_AnyWhere3',2,57 );
INSERT INTO TE_ATTR VALUES ( 136277792,0,0,0,0,0,'','operation_id','operation_id','',1,1,0,'[ESCHER_SYS_MAX_STRING_LEN]','SAC_Session_Operation','c_t',0,105,104 );
INSERT INTO TE_ATTR VALUES ( 136277876,0,0,0,0,0,'','session_id','session_id','',1,1,0,'[ESCHER_SYS_MAX_STRING_LEN]','SAC_Session_Operation','c_t',136277792,106,104 );
INSERT INTO TE_ATTR VALUES ( 136277960,0,0,0,0,0,'','workstation_id','workstation_id','',1,1,0,'[ESCHER_SYS_MAX_STRING_LEN]','SAC_Workstation','c_t',0,102,101 );
INSERT INTO TE_ATTR VALUES ( 136278044,0,0,0,0,0,'','workstation_hostname','workstation_hostname','',1,1,0,'[ESCHER_SYS_MAX_STRING_LEN]','SAC_Workstation','c_t',136277960,103,101 );
INSERT INTO TE_ATTR VALUES ( 136278128,0,0,0,0,0,'','user_id','user_id','',1,1,0,'[ESCHER_SYS_MAX_STRING_LEN]','SAC_User','c_t',0,96,95 );
INSERT INTO TE_ATTR VALUES ( 136278212,0,0,0,0,0,'','login_name','login_name','',1,1,0,'[ESCHER_SYS_MAX_STRING_LEN]','SAC_User','c_t',136278128,97,95 );
INSERT INTO TE_ATTR VALUES ( 136278296,0,0,0,0,0,'','user_name','user_name','',1,1,0,'[ESCHER_SYS_MAX_STRING_LEN]','SAC_User','c_t',136278212,98,95 );
INSERT INTO TE_ATTR VALUES ( 136278380,0,0,0,0,0,'','is_logged_on','is_logged_on','',1,1,0,'[ESCHER_SYS_MAX_STRING_LEN]','SAC_User','c_t',136278296,99,95 );
INSERT INTO TE_ATTR VALUES ( 136278464,0,0,0,0,0,'','access_specification_id','access_specification_id','',1,1,0,'[ESCHER_SYS_MAX_STRING_LEN]','SAC_Session_Specification','c_t',0,91,90 );
INSERT INTO TE_ATTR VALUES ( 136278548,0,0,0,0,0,'','session_heartbeat_time','session_heartbeat_time','',1,1,0,'[ESCHER_SYS_MAX_STRING_LEN]','SAC_Session_Specification','c_t',136278464,92,90 );
INSERT INTO TE_ATTR VALUES ( 155989120,0,0,0,0,0,'','session_heartbeat_failure_threshold','session_heartbeat_failure_threshold','',1,1,0,'[ESCHER_SYS_MAX_STRING_LEN]','SAC_Session_Specification','c_t',136278548,94,90 );
INSERT INTO TE_ATTR VALUES ( 155989204,0,0,0,0,0,'','session_id','session_id','',1,1,0,'[ESCHER_SYS_MAX_STRING_LEN]','SAC_Session','c_t',0,74,70 );
INSERT INTO TE_ATTR VALUES ( 155989288,0,0,0,0,0,'','logon_time','logon_time','',1,1,0,'[ESCHER_SYS_MAX_STRING_LEN]','SAC_Session','Escher_TimeStamp_t',155989204,75,70 );
INSERT INTO TE_ATTR VALUES ( 155989372,0,0,0,0,0,'','session_heartbeat_timer','session_heartbeat_timer','',1,1,0,'[ESCHER_SYS_MAX_STRING_LEN]','SAC_Session','c_t',155989288,77,70 );
INSERT INTO TE_ATTR VALUES ( 155989456,0,0,0,0,0,'','session_heartbeat_failure','session_heartbeat_failure','',1,1,0,'[ESCHER_SYS_MAX_STRING_LEN]','SAC_Session','c_t',155989372,79,70 );
INSERT INTO TE_ATTR VALUES ( 155989540,0,0,0,0,0,'','workstation_id','workstation_id','',1,1,0,'[ESCHER_SYS_MAX_STRING_LEN]','SAC_Session','c_t',155989456,80,70 );
INSERT INTO TE_ATTR VALUES ( 155989624,0,0,0,0,0,'','user_id','user_id','',1,1,0,'[ESCHER_SYS_MAX_STRING_LEN]','SAC_Session','c_t',155989540,81,70 );
INSERT INTO TE_ATTR VALUES ( 155989708,0,0,0,0,0,'','access_specification_id','access_specification_id','',1,1,0,'[ESCHER_SYS_MAX_STRING_LEN]','SAC_Session','c_t',155989624,82,70 );
INSERT INTO TE_ATTR VALUES ( 155989792,0,0,0,0,0,'','has_timed_out','has_timed_out','',1,1,0,'[ESCHER_SYS_MAX_STRING_LEN]','SAC_Session','c_t',155989708,83,70 );
INSERT INTO TE_ATTR VALUES ( 155989876,0,0,0,0,0,'','login_name','login_name','',1,1,0,'[ESCHER_SYS_MAX_STRING_LEN]','SAC_Session','c_t',155989792,84,70 );
INSERT INTO TE_ATTR VALUES ( 155996504,0,0,0,0,0,'','current_state','current_state','',1,1,0,'[ESCHER_SYS_MAX_STRING_LEN]','SAC_Session','c_t',155989876,85,70 );
INSERT INTO TE_ATTR VALUES ( 155996588,0,0,0,0,0,'','operation_id','operation_id','',1,1,0,'[ESCHER_SYS_MAX_STRING_LEN]','SAC_Operation','c_t',0,68,67 );
INSERT INTO TE_ATTR VALUES ( 155996672,0,0,0,0,0,'','operation_name','operation_name','',1,1,0,'[ESCHER_SYS_MAX_STRING_LEN]','SAC_Operation','c_t',155996588,69,67 );
INSERT INTO TE_ATTR VALUES ( 155996756,0,0,0,0,0,'','operation_id','operation_id','',1,1,0,'[ESCHER_SYS_MAX_STRING_LEN]','SAC_Group_Operation','c_t',0,65,64 );
INSERT INTO TE_ATTR VALUES ( 155996840,0,0,0,0,0,'','group_id','group_id','',1,1,0,'[ESCHER_SYS_MAX_STRING_LEN]','SAC_Group_Operation','c_t',155996756,66,64 );
INSERT INTO TE_ATTR VALUES ( 155996924,0,0,0,0,0,'','group_id','group_id','',1,1,0,'[ESCHER_SYS_MAX_STRING_LEN]','SAC_Group_For_Session','c_t',0,62,61 );
INSERT INTO TE_ATTR VALUES ( 155997008,0,0,0,0,0,'','session_id','session_id','',1,1,0,'[ESCHER_SYS_MAX_STRING_LEN]','SAC_Group_For_Session','c_t',155996924,63,61 );
INSERT INTO TE_ATTR VALUES ( 155997092,0,0,0,0,0,'','group_id','group_id','',1,1,0,'[ESCHER_SYS_MAX_STRING_LEN]','SAC_Group','c_t',0,58,57 );
INSERT INTO TE_ATTR VALUES ( 155997176,0,0,0,0,0,'','group_name','group_name','',1,1,0,'[ESCHER_SYS_MAX_STRING_LEN]','SAC_Group','c_t',155997092,60,57 );
INSERT INTO TE_REL VALUES ( 5,0,0,0,0,0,122 );
INSERT INTO TE_REL VALUES ( 4,0,0,0,0,0,119 );
INSERT INTO TE_REL VALUES ( 2,0,0,0,0,0,115 );
INSERT INTO TE_REL VALUES ( 3,0,0,0,0,0,111 );
INSERT INTO TE_REL VALUES ( 1,0,0,0,0,0,107 );
INSERT INTO TE_EVT VALUES ( 136293952,'user_logged_on',1,'SAC_Sessionevent1','SAC_SESSIONEVENT1NUM',0,0,0,0,0,87,136317216 );
INSERT INTO TE_EVT VALUES ( 136294016,'session_timeout_reached',2,'SAC_Sessionevent2','SAC_SESSIONEVENT2NUM',1,0,0,0,0,88,136317216 );
INSERT INTO TE_EVT VALUES ( 136294080,'heartbeat_timeout_expired',3,'SAC_Sessionevent3','SAC_SESSIONEVENT3NUM',2,0,0,0,0,89,136317216 );
INSERT INTO R_OIR VALUES ( 57,107,108,0 );
INSERT INTO R_OIR VALUES ( 67,107,109,0 );
INSERT INTO R_OIR VALUES ( 64,107,110,0 );
INSERT INTO R_OIR VALUES ( 95,111,112,0 );
INSERT INTO R_OIR VALUES ( 101,111,113,0 );
INSERT INTO R_OIR VALUES ( 70,111,114,0 );
INSERT INTO R_OIR VALUES ( 70,115,116,0 );
INSERT INTO R_OIR VALUES ( 57,115,117,0 );
INSERT INTO R_OIR VALUES ( 61,115,118,0 );
INSERT INTO R_OIR VALUES ( 90,119,120,0 );
INSERT INTO R_OIR VALUES ( 70,119,121,0 );
INSERT INTO R_OIR VALUES ( 70,122,123,0 );
INSERT INTO R_OIR VALUES ( 67,122,124,0 );
INSERT INTO R_OIR VALUES ( 104,122,125,0 );
INSERT INTO TE_PO VALUES ( 136308768,'SAC_port','SAC_port','SAC_if','',1,0,0,0,136281152,19,17 );
INSERT INTO TE_SM VALUES ( 136317216,0,'','SAC_Session_StateEventMatrix','SAC_Session_acts','StateAction_t','SAC_Session_Events_u','SAC_Session_xacts',0,'state_name_strings',0,3,86,'SAC_Session' );
INSERT INTO TE_CLASS VALUES ( 136284160,'Session_Operation',9,'Session_Operation','','SAC_Session_Operation','SAC_Session_Operation_CB',0,0,0,0,0,10,0,0,0,0,1,0,0,'SAC_Session_Operation_class','SAC_Session_Operation_CLASS_NUMBER','SAC_Session_Operation_CLASS_NUMBER_CB','SAC_Session_Operation_LinkCentral','','','''%s'',''%s''',',
    ( 0 != self->operation_id ) ? self->operation_id : "",
    ( 0 != self->session_id ) ? self->session_id : ""',136281152,104,0 );
INSERT INTO TE_CLASS VALUES ( 136284316,'Workstation',8,'Workstation','','SAC_Workstation','SAC_Workstation_CB',0,0,0,0,0,10,0,0,0,0,1,0,0,'SAC_Workstation_class','SAC_Workstation_CLASS_NUMBER','SAC_Workstation_CLASS_NUMBER_CB','SAC_Workstation_LinkCentral','','','''%s'',''%s''',',
    ( 0 != self->workstation_id ) ? self->workstation_id : "",
    ( 0 != self->workstation_hostname ) ? self->workstation_hostname : ""',136281152,101,136284160 );
INSERT INTO TE_CLASS VALUES ( 136284472,'User',7,'User','','SAC_User','SAC_User_CB',0,0,0,0,0,10,0,0,0,0,1,0,0,'SAC_User_class','SAC_User_CLASS_NUMBER','SAC_User_CLASS_NUMBER_CB','SAC_User_LinkCentral','','','''%s'',''%s'',''%s'',''%s''',',
    ( 0 != self->user_id ) ? self->user_id : "",
    ( 0 != self->login_name ) ? self->login_name : "",
    ( 0 != self->user_name ) ? self->user_name : "",
    ( 0 != self->is_logged_on ) ? self->is_logged_on : ""',136281152,95,136284316 );
INSERT INTO TE_CLASS VALUES ( 136284628,'Session_Specification',6,'Session_Specification','','SAC_Session_Specification','SAC_Session_Specification_CB',0,0,0,0,0,10,0,0,0,0,1,0,0,'SAC_Session_Specification_class','SAC_Session_Specification_CLASS_NUMBER','SAC_Session_Specification_CLASS_NUMBER_CB','SAC_Session_Specification_LinkCentral','','','''%s'',''%s'',''%s''',',
    ( 0 != self->access_specification_id ) ? self->access_specification_id : "",
    ( 0 != self->session_heartbeat_time ) ? self->session_heartbeat_time : "",
    ( 0 != self->session_heartbeat_failure_threshold ) ? self->session_heartbeat_failure_threshold : ""',136281152,90,136284472 );
INSERT INTO TE_CLASS VALUES ( 136284784,'Session',5,'Session','','SAC_Session','SAC_Session_CB',0,0,0,0,0,10,0,0,0,0,1,0,0,'SAC_Session_class','SAC_Session_CLASS_NUMBER','SAC_Session_CLASS_NUMBER_CB','SAC_Session_LinkCentral','SAC_Session_Dispatch','','''%s'',''%s'',''%s'',''%s'',''%s'',''%s'',''%s'',''%s'',''%s'',''%s''',',
    ( 0 != self->session_id ) ? self->session_id : "",
    ( 0 != self->logon_time ) ? self->logon_time : "",
    ( 0 != self->session_heartbeat_timer ) ? self->session_heartbeat_timer : "",
    ( 0 != self->session_heartbeat_failure ) ? self->session_heartbeat_failure : "",
    ( 0 != self->workstation_id ) ? self->workstation_id : "",
    ( 0 != self->user_id ) ? self->user_id : "",
    ( 0 != self->access_specification_id ) ? self->access_specification_id : "",
    ( 0 != self->has_timed_out ) ? self->has_timed_out : "",
    ( 0 != self->login_name ) ? self->login_name : "",
    ( 0 != self->current_state ) ? self->current_state : ""',136281152,70,136284628 );
INSERT INTO TE_CLASS VALUES ( 136284940,'Operation',4,'Operation','','SAC_Operation','SAC_Operation_CB',0,0,0,0,0,10,0,0,0,0,1,0,0,'SAC_Operation_class','SAC_Operation_CLASS_NUMBER','SAC_Operation_CLASS_NUMBER_CB','SAC_Operation_LinkCentral','','','''%s'',''%s''',',
    ( 0 != self->operation_id ) ? self->operation_id : "",
    ( 0 != self->operation_name ) ? self->operation_name : ""',136281152,67,136284784 );
INSERT INTO TE_CLASS VALUES ( 136285096,'Group_Operation',3,'Group_Operation','','SAC_Group_Operation','SAC_Group_Operation_CB',0,0,0,0,0,10,0,0,0,0,1,0,0,'SAC_Group_Operation_class','SAC_Group_Operation_CLASS_NUMBER','SAC_Group_Operation_CLASS_NUMBER_CB','SAC_Group_Operation_LinkCentral','','','''%s'',''%s''',',
    ( 0 != self->operation_id ) ? self->operation_id : "",
    ( 0 != self->group_id ) ? self->group_id : ""',136281152,64,136284940 );
INSERT INTO TE_CLASS VALUES ( 136285252,'Group_For_Session',2,'Group_For_Session','','SAC_Group_For_Session','SAC_Group_For_Session_CB',0,0,0,0,0,10,0,0,0,0,1,0,0,'SAC_Group_For_Session_class','SAC_Group_For_Session_CLASS_NUMBER','SAC_Group_For_Session_CLASS_NUMBER_CB','SAC_Group_For_Session_LinkCentral','','','''%s'',''%s''',',
    ( 0 != self->group_id ) ? self->group_id : "",
    ( 0 != self->session_id ) ? self->session_id : ""',136281152,61,136285096 );
INSERT INTO TE_CLASS VALUES ( 136285408,'Group',1,'Group','','SAC_Group','SAC_Group_CB',0,0,0,0,0,10,0,0,0,0,1,0,0,'SAC_Group_class','SAC_Group_CLASS_NUMBER','SAC_Group_CLASS_NUMBER_CB','SAC_Group_LinkCentral','','','''%s'',''%s''',',
    ( 0 != self->group_id ) ? self->group_id : "",
    ( 0 != self->group_name ) ? self->group_name : ""',136281152,57,136285252 );
INSERT INTO TE_PREFIX VALUES ( 'Escher_','','Escher_','','ESCHER_','Escher_','','','','Escher_','pport_','rport_','channel_' );
INSERT INTO TE_SET VALUES ( 'SYS_MAX_CONTAINERS','Escher_Iterator_s','Escher_SetFactoryInit','Escher_InitSet','Escher_CopySet','Escher_ClearSet','Escher_SetInsertElement','Escher_SetInsertInstance','Escher_SetInsertBlock','Escher_SetRemoveElement','Escher_SetRemoveInstance','Escher_SetCardinality','Escher_SetContains','Escher_SetEquality','Escher_SetIsEmpty','Escher_SetGetAny','Escher_IteratorReset','Escher_IteratorNext','Escher_ObjectSet_s','Escher_SetElement_s','','' );
INSERT INTO TE_PERSIST VALUES ( 'sys_persist','','ESCHER_PERSIST_INST_CACHE_DEPTH','ESCHER_PERSIST_LINK_CACHE_DEPTH','check_mark_post','','Escher_link_t','','Escher_PersistFactoryInit','Escher_PersistenceCommit','Escher_PersistenceRestore','Escher_PersistDelete','domainnum','Escher_DomainNumber_t','classnum','Escher_ClassNumber_t','index','Escher_InstanceIndex_t','InstanceIdentifier_t','instance_identifier','s1_t','persist_dirty',1,0 );
INSERT INTO R_RTO VALUES ( 57,107,108,0 );
INSERT INTO R_RTO VALUES ( 67,107,109,0 );
INSERT INTO R_RTO VALUES ( 95,111,112,0 );
INSERT INTO R_RTO VALUES ( 101,111,113,0 );
INSERT INTO R_RTO VALUES ( 70,115,116,0 );
INSERT INTO R_RTO VALUES ( 57,115,117,0 );
INSERT INTO R_RTO VALUES ( 70,119,121,0 );
INSERT INTO R_RTO VALUES ( 70,122,123,0 );
INSERT INTO R_RTO VALUES ( 67,122,124,0 );
INSERT INTO TE_EQ VALUES ( 'EVENT_IS_IGNORED','EVENT_CANT_HAPPEN','Escher_systemxtUMLevents','Escher_xtUML_event_pool','Escher_xtUMLEventConstant_t','Escher_xtUMLEvent_t','mc_event_base','ESCHER_SYS_MAX_XTUML_EVENTS','ESCHER_SYS_MAX_SELF_EVENTS','ESCHER_SYS_MAX_NONSELF_EVENTS','Escher_NewxtUMLEvent','Escher_AllocatextUMLEvent','Escher_DeletextUMLEvent','Escher_ModifyxtUMLEvent','Escher_SendSelfEvent','Escher_SendEvent','Escher_EventSearchAndDestroy','Escher_run_flag','e','' );
INSERT INTO TE_ILB VALUES ( 'sys_ilb','ESCHER_SYS_MAX_INTERLEAVED_BRIDGES','ESCHER_SYS_MAX_INTERLEAVED_BRIDGE_DATA','InterleaveBridge','InterleaveBridgeDone','GetILBData','DispatchInterleaveBridge' );
INSERT INTO TE_THREAD VALUES ( 'sys_thread','Escher_thread_create','Escher_mutex_lock','Escher_mutex_unlock','Escher_nonbusy_wait','Escher_nonbusy_wake','Escher_thread_shutdown',0,'POSIX',0,1,'','AUTOSAR_ENABLED' );
INSERT INTO TE_FILE VALUES ( 'h','c','o','adfadfak_sys_main','sys_xtuml','sys_events','sys_nvs','NVS_bridge','sys_sets','adfadfak_sys_types','sys_thread','sys_trace','TIM_bridge','sys_user_co','sys_ilb','sys_persist','sys_xtumlload','sysc_interfaces','RegDefs','.','_ch','_ch','_ch','_ch','.','bridge.mark','system.mark','datatype.mark','event.mark','class.mark','domain.mark','sys_functions.arc','mc3020/arc','.' );
INSERT INTO TE_CALLOUT VALUES ( 'sys_user_co','UserInitializationCallout','UserPreOoaInitializationCallout','UserPostOoaInitializationCallout','UserBackgroundProcessingCallout','UserEventCantHappenCallout','UserPreShutdownCallout','UserPostShutdownCallout','UserEventNoInstanceCallout','UserEventFreeListEmptyCallout','UserEmptyHandleDetectedCallout','UserObjectPoolEmptyCallout','UserNodeListEmptyCallout','UserInterleavedBridgeOverflowCallout','UserSelfEventQueueEmptyCallout','UserNonSelfEventQueueEmptyCallout','UserPersistenceErrorCallout' );
INSERT INTO TE_STRING VALUES ( 'Escher_memset','Escher_memmove','Escher_strcpy','Escher_stradd','Escher_strlen','Escher_strcmp','Escher_strget','Escher_itoa','Escher_atoi','ESCHER_SYS_MAX_STRING_LEN','ESCHER_DEBUG_BUFFER_DEPTH' );
INSERT INTO TE_TRACE VALUES ( 'COMP_MSG_START_TRACE','COMP_MSG_END_TRACE','STATE_TXN_START_TRACE','STATE_TXN_END_TRACE','STATE_TXN_IG_TRACE','STATE_TXN_CH_TRACE','OAL_ACTION_TRACE' );
INSERT INTO TE_COPYRIGHT VALUES ( 'your copyright statement can go here (from te_copyright.body)' );
INSERT INTO TE_DMA VALUES ( 'sys_memory','Escher_malloc','Escher_free',0 );
INSERT INTO TE_CONTAINER VALUES ( '' );
INSERT INTO R_RGO VALUES ( 64,107,110 );
INSERT INTO R_RGO VALUES ( 70,111,114 );
INSERT INTO R_RGO VALUES ( 61,115,118 );
INSERT INTO R_RGO VALUES ( 104,122,125 );
INSERT INTO R_RGO VALUES ( 90,119,120 );
INSERT INTO TE_DLIST VALUES ( '','Escher_SetRemoveDlistNode' );
INSERT INTO TE_SLIST VALUES ( '','Escher_SetRemoveNode' );
INSERT INTO TE_TARGET VALUES ( 'C','#ifdef	__cplusplus
extern	"C"	{
#endif','#ifdef	__cplusplus
}
#endif','main' );
INSERT INTO R_SIMP VALUES ( 119 );
INSERT INTO TE_RELINFO VALUES ( 0,0,0,0,0,0,0,0,'',0,0,0,0 );
INSERT INTO TE_RELSTORE VALUES ( '','','',0,'','self' );
INSERT INTO TE_INSTANCE VALUES ( 'Escher_CreateInstance','Escher_CreatePersistent','Escher_DeleteInstance','Escher_DeletePersistent','self','Escher_GetSelf','Escher_InstanceBase_t','Escher_iHandle_t','Escher_ClassFactoryInit','Escher_Object_s','ESCHER_SYS_MAX_OBJECT_EXTENT','ESCHER_SYS_MAX_ASSOCIATION_EXTENT','ESCHER_SYS_MAX_TRANSIENT_EXTENT','current_state','','Escher_GetDCI','Escher_GetEventDispatcher','Escher_GetThreadAssignment','' );
INSERT INTO TE_TIM VALUES ( 'ESCHER_SYS_MAX_XTUML_TIMERS',0,1,0,'ETimer_t','','' );
INSERT INTO TE_TYPEMAP VALUES ( 'Escher_InstanceIndex_t','u2_t','Escher_ClassSize_t','Escher_size_t','Escher_ClassNumber_t','u2_t','Escher_StateNumber_t','u1_t','Escher_DomainNumber_t','u1_t','Escher_EventNumber_t','u1_t','Escher_EventPriority_t','u1_t','Escher_EventFlags_t','u1_t','Escher_PolyEventRC_t','u1_t','Escher_SEMcell_t','u1_t','','','' );
INSERT INTO TE_EXTENT VALUES ( 'Escher_ObjectSet_s','Escher_Extent_t','active','inactive','','Escher_ClassSize_t','size','Escher_StateNumber_t','initial_state','Escher_SetElement_s*','container','Escher_iHandle_t','pool','Escher_InstanceIndex_t','population','Escher_ClassSize_t','size_no_rel','link_function' );
INSERT INTO TE_MACT VALUES ( 136275712,136302656,'SAC_SAC_port_resend_infos','','SAC_SAC_port_resend_infos','SAC','','SAC_port','SAC_if','resend_infos',1,1,'SPR_PO',0,0,5,52,0,0,0,136281152,136308768,0,136303184 );
INSERT INTO TE_MACT VALUES ( 136275820,136302788,'SAC_SAC_port_populate_domain','','SAC_SAC_port_populate_domain','SAC','','SAC_port','SAC_if','populate_domain',1,1,'SPR_PO',0,0,4,48,0,0,0,136281152,136308768,0,136302656 );
INSERT INTO TE_MACT VALUES ( 136275928,136302920,'SAC_SAC_port_delete_group_operation','','SAC_SAC_port_delete_group_operation','SAC','','SAC_port','SAC_if','delete_group_operation',1,1,'SPR_PO',0,0,3,44,0,0,0,136281152,136308768,0,136302788 );
INSERT INTO TE_MACT VALUES ( 136276036,136303052,'SAC_SAC_port_delete_group','','SAC_SAC_port_delete_group','SAC','','SAC_port','SAC_if','delete_group',1,1,'SPR_PO',0,0,2,40,0,0,0,136281152,136308768,0,136302920 );
INSERT INTO TE_MACT VALUES ( 136276144,136303184,'SAC_SAC_port_session_active','','SAC_SAC_port_session_active','SAC','','SAC_port','SAC_if','session_active',1,1,'SPR_PO',0,0,6,36,0,0,0,136281152,136308768,0,136303580 );
INSERT INTO TE_MACT VALUES ( 136276252,136303316,'SAC_SAC_port_add_operation_to_group','','SAC_SAC_port_add_operation_to_group','SAC','','SAC_port','SAC_if','add_operation_to_group',1,1,'SPR_PO',0,0,1,32,0,0,0,136281152,136308768,0,136303052 );
INSERT INTO TE_MACT VALUES ( 136276360,136303448,'SAC_SAC_port_add_group','','SAC_SAC_port_add_group','SAC','','SAC_port','SAC_if','add_group',1,1,'SPR_PO',0,0,0,28,0,0,0,136281152,136308768,0,136303316 );
INSERT INTO TE_MACT VALUES ( 136276468,136303580,'SAC_SAC_port_user_logoff','','SAC_SAC_port_user_logoff','SAC','','SAC_port','SAC_if','user_logoff',1,1,'SPR_PO',0,0,7,24,0,0,0,136281152,136308768,0,136303712 );
INSERT INTO TE_MACT VALUES ( 136276576,136303712,'SAC_SAC_port_user_logon','','SAC_SAC_port_user_logon','SAC','','SAC_port','SAC_if','user_logon',1,1,'SPR_PO',0,0,8,20,0,0,0,136281152,136308768,0,0 );
INSERT INTO R_PART VALUES ( 70,119,121,0,1,'rules_are_defined_by' );
INSERT INTO TE_IIR VALUES ( 136299392,'SAC','SAC_port','SAC_if',0,'','',0,18,136308768,0 );
INSERT INTO TE_DCI VALUES ( 136281152,'SAC_CLASS_NUMBERS','SAC_CLASS_U','SAC_task_numbers','SAC_TASK_NUMBERS','SAC_MAX_CLASS_NUMBERS','SAC_STATE_MODELS','SAC_CLASS_INFO_INIT','SAC_class_info' );
INSERT INTO TE_CIA VALUES ( 'domain_class_info','Escher_Extent_t','active_count','domain_class_count','Escher_ClassNumber_t' );
INSERT INTO R_FORM VALUES ( 90,119,120,1,1,'defines_rules_for' );
INSERT INTO R_ASSOC VALUES ( 107 );
INSERT INTO R_ASSOC VALUES ( 111 );
INSERT INTO R_ASSOC VALUES ( 115 );
INSERT INTO R_ASSOC VALUES ( 122 );
INSERT INTO R_AONE VALUES ( 57,107,108,1,1,'can_perform' );
INSERT INTO R_AONE VALUES ( 95,111,112,1,1,'is_logged_on_to' );
INSERT INTO R_AONE VALUES ( 70,115,116,1,1,'is_member_of' );
INSERT INTO R_AONE VALUES ( 70,122,123,1,1,'has_allowed' );
INSERT INTO TE_BLK VALUES ( 284,0,'','',1,'  ',136276684 );
INSERT INTO TE_BLK VALUES ( 281,0,'','',1,'  ',155836480 );
INSERT INTO TE_BLK VALUES ( 278,0,'','',1,'  ',155836588 );
INSERT INTO TE_BLK VALUES ( 275,0,'','',1,'  ',155836696 );
INSERT INTO TE_BLK VALUES ( 272,0,'','',1,'  ',155836804 );
INSERT INTO TE_BLK VALUES ( 269,0,'','',1,'  ',155836912 );
INSERT INTO TE_BLK VALUES ( 264,0,'','',1,'  ',155837020 );
INSERT INTO TE_BLK VALUES ( 259,0,'','',1,'  ',155837128 );
INSERT INTO TE_BLK VALUES ( 254,0,'','',1,'  ',155837236 );
INSERT INTO TE_BLK VALUES ( 247,0,'','',1,'  ',155837344 );
INSERT INTO TE_BLK VALUES ( 240,0,'','',1,'  ',155837452 );
INSERT INTO TE_BLK VALUES ( 233,0,'','',1,'  ',155879312 );
INSERT INTO TE_BLK VALUES ( 226,0,'','',1,'  ',155879420 );
INSERT INTO TE_BLK VALUES ( 221,0,'','',1,'  ',155879528 );
INSERT INTO TE_BLK VALUES ( 216,0,'','',1,'  ',155879636 );
INSERT INTO TE_BLK VALUES ( 212,0,'','',1,'  ',155879744 );
INSERT INTO TE_BLK VALUES ( 208,0,'','',1,'  ',155879852 );
INSERT INTO TE_BLK VALUES ( 204,0,'','',1,'  ',155879960 );
INSERT INTO TE_BLK VALUES ( 195,0,'','',1,'  ',155880068 );
INSERT INTO TE_BLK VALUES ( 190,0,'','',1,'  ',155880176 );
INSERT INTO TE_BLK VALUES ( 183,0,'','',1,'  ',155880284 );
INSERT INTO TE_BLK VALUES ( 174,0,'','',1,'  ',155943720 );
INSERT INTO TE_BLK VALUES ( 171,0,'','',1,'  ',155943828 );
INSERT INTO TE_BLK VALUES ( 167,0,'','',1,'  ',155943936 );
INSERT INTO TE_BLK VALUES ( 162,0,'','',1,'  ',155944044 );
INSERT INTO TE_BLK VALUES ( 158,0,'','',1,'  ',155944152 );
INSERT INTO TE_BLK VALUES ( 152,0,'','',1,'  ',155944260 );
INSERT INTO TE_BLK VALUES ( 147,0,'','',1,'  ',155944368 );
INSERT INTO TE_BLK VALUES ( 143,0,'','',1,'  ',155944476 );
INSERT INTO TE_BLK VALUES ( 137,0,'','',1,'  ',155944584 );
INSERT INTO TE_BLK VALUES ( 73,0,'','',1,'  ',155944692 );
INSERT INTO TE_BLK VALUES ( 55,0,'','',1,'  ',136275712 );
INSERT INTO TE_BLK VALUES ( 51,0,'','',1,'  ',136275820 );
INSERT INTO TE_BLK VALUES ( 47,0,'','',1,'  ',136275928 );
INSERT INTO TE_BLK VALUES ( 43,0,'','',1,'  ',136276036 );
INSERT INTO TE_BLK VALUES ( 39,0,'','',1,'  ',136276144 );
INSERT INTO TE_BLK VALUES ( 35,0,'','',1,'  ',136276252 );
INSERT INTO TE_BLK VALUES ( 31,0,'','',1,'  ',136276360 );
INSERT INTO TE_BLK VALUES ( 27,0,'','',1,'  ',136276468 );
INSERT INTO TE_BLK VALUES ( 23,0,'','',1,'  ',136276576 );
INSERT INTO TE_ASSIGN VALUES ( 0,0,'','',0,'','',136277280,0 );
INSERT INTO TE_BRIDGE VALUES ( '','',136280096 );
INSERT INTO TE_CREATE_EVENT VALUES ( 0,0,'','','','','','',136286592 );
INSERT INTO TE_CREATE_INSTANCE VALUES ( 0,0,'','',136287104 );
INSERT INTO R_AOTH VALUES ( 67,107,109,1,1,'can_be_performed_by' );
INSERT INTO R_AOTH VALUES ( 101,111,113,0,1,'is_being_used_by' );
INSERT INTO R_AOTH VALUES ( 57,115,117,1,1,'current_members_are' );
INSERT INTO R_AOTH VALUES ( 67,122,124,1,1,'has_been_allowed_for' );
INSERT INTO TE_DELETE_INSTANCE VALUES ( 0,'',0,136288352 );
INSERT INTO TE_ELIF VALUES ( '',136291936 );
INSERT INTO TE_EVENT_PARAMETERS VALUES ( '','','','',136293600 );
INSERT INTO TE_FOR VALUES ( 0,'','','',136297056 );
INSERT INTO TE_FUNCTION VALUES ( '','',136297408 );
INSERT INTO TE_GENERATE VALUES ( 0,0,'','','','',136297664 );
INSERT INTO TE_GENERATE_CREATOR_EVENT VALUES ( 0,0,'','','','',136298080 );
INSERT INTO TE_GENERATE_PRECREATED_EVENT VALUES ( 0,'',136298496 );
INSERT INTO TE_GENERATE_TO_CLASS VALUES ( 0,0,'','','','',136298752 );
INSERT INTO R_ASSR VALUES ( 64,107,110,0 );
INSERT INTO R_ASSR VALUES ( 70,111,114,0 );
INSERT INTO R_ASSR VALUES ( 61,115,118,0 );
INSERT INTO R_ASSR VALUES ( 104,122,125,0 );
INSERT INTO TE_IF VALUES ( '',136299168 );
INSERT INTO TE_IOP VALUES ( '','',136301536 );
INSERT INTO TE_OPERATION VALUES ( 0,'','','',136305312 );
INSERT INTO TE_RELATE VALUES ( 0,0,0,0,0,'','','',136310624 );
INSERT INTO TE_RELATE_USING VALUES ( 0,0,0,0,0,0,'','','','','','',136311136 );
INSERT INTO TE_RETURN VALUES ( '','','',136313024 );
INSERT INTO TE_SELECT VALUES ( 0,0,'','','','','',136313344 );
INSERT INTO TE_SELECT_WHERE VALUES ( 0,0,'','','','','','','',0,0,136314880 );
INSERT INTO TE_SGN VALUES ( 0,0,'','','','',136316576 );
INSERT INTO TE_UNRELATE VALUES ( 0,0,0,0,0,'','','',136325472 );
INSERT INTO TE_UNRELATE_USING VALUES ( 0,0,0,0,0,0,'','','','','','',136325984 );
INSERT INTO TE_WHILE VALUES ( '',136328000 );
INSERT INTO C_C VALUES ( 16,0,0,'SAC','',0,0,0,'' );
INSERT INTO C_I VALUES ( 19,0,'SAC_if','' );
INSERT INTO C_P VALUES ( 18,'SAC_if','Unnamed_Interface','','SAC::SAC_port::SAC_if' );
INSERT INTO C_EP VALUES ( 21,19,0,'user_logon','' );
INSERT INTO C_EP VALUES ( 25,19,0,'user_logoff','' );
INSERT INTO C_EP VALUES ( 29,19,0,'add_group','' );
INSERT INTO C_EP VALUES ( 33,19,0,'add_operation_to_group','' );
INSERT INTO C_EP VALUES ( 37,19,0,'session_active','' );
INSERT INTO C_EP VALUES ( 41,19,0,'delete_group','' );
INSERT INTO C_EP VALUES ( 45,19,0,'delete_group_operation','' );
INSERT INTO C_EP VALUES ( 49,19,0,'populate_domain','' );
INSERT INTO C_EP VALUES ( 53,19,0,'resend_infos','' );
INSERT INTO C_IO VALUES ( 21,3,'user_logon','',1,'',25 );
INSERT INTO C_IO VALUES ( 25,3,'user_logoff','',1,'',37 );
INSERT INTO C_IO VALUES ( 29,3,'add_group','',1,'',0 );
INSERT INTO C_IO VALUES ( 33,3,'add_operation_to_group','',1,'',29 );
INSERT INTO C_IO VALUES ( 37,3,'session_active','',1,'',53 );
INSERT INTO C_IO VALUES ( 41,3,'delete_group','',1,'',33 );
INSERT INTO C_IO VALUES ( 45,3,'delete_group_operation','',1,'',41 );
INSERT INTO C_IO VALUES ( 49,3,'populate_domain','',1,'',45 );
INSERT INTO C_IO VALUES ( 53,3,'resend_infos','',1,'',49 );
INSERT INTO C_IR VALUES ( 18,19,0,17 );
INSERT INTO C_PO VALUES ( 17,16,'SAC_port',0,0 );
INSERT INTO SPR_PEP VALUES ( 20,21,18 );
INSERT INTO SPR_PEP VALUES ( 24,25,18 );
INSERT INTO SPR_PEP VALUES ( 28,29,18 );
INSERT INTO SPR_PEP VALUES ( 32,33,18 );
INSERT INTO SPR_PEP VALUES ( 36,37,18 );
INSERT INTO SPR_PEP VALUES ( 40,41,18 );
INSERT INTO SPR_PEP VALUES ( 44,45,18 );
INSERT INTO SPR_PEP VALUES ( 48,49,18 );
INSERT INTO SPR_PEP VALUES ( 52,53,18 );
INSERT INTO SPR_PO VALUES ( 20,'user_logon','','',1 );
INSERT INTO SPR_PO VALUES ( 24,'user_logoff','','',1 );
INSERT INTO SPR_PO VALUES ( 28,'add_group','','',1 );
INSERT INTO SPR_PO VALUES ( 32,'add_operation_to_group','','',1 );
INSERT INTO SPR_PO VALUES ( 36,'session_active','','',1 );
INSERT INTO SPR_PO VALUES ( 40,'delete_group','','',1 );
INSERT INTO SPR_PO VALUES ( 44,'delete_group_operation','','',1 );
INSERT INTO SPR_PO VALUES ( 48,'populate_domain','','',1 );
INSERT INTO SPR_PO VALUES ( 52,'resend_infos','','',1 );
INSERT INTO SM_SM VALUES ( 86,'',0 );
INSERT INTO SM_EVT VALUES ( 87,86,0,1,'user_logged_on',0,'','Session1','' );
INSERT INTO SM_EVT VALUES ( 88,86,0,2,'session_timeout_reached',0,'','Session2','' );
INSERT INTO SM_EVT VALUES ( 89,86,0,3,'heartbeat_timeout_expired',0,'','Session3','' );
INSERT INTO SM_MOORE VALUES ( 86 );
INSERT INTO SM_ISM VALUES ( 86,70 );
INSERT INTO SM_SEVT VALUES ( 87,86,0 );
INSERT INTO SM_SEVT VALUES ( 88,86,0 );
INSERT INTO SM_SEVT VALUES ( 89,86,0 );
INSERT INTO SM_LEVT VALUES ( 87,86,0 );
INSERT INTO SM_LEVT VALUES ( 88,86,0 );
INSERT INTO SM_LEVT VALUES ( 89,86,0 );
INSERT INTO ACT_BLK VALUES ( 23,0,0,0,'','','',0,0,0,0,0,0,0,0,0,0,0,0,0,22,0 );
INSERT INTO ACT_BLK VALUES ( 27,0,0,0,'','','',0,0,0,0,0,0,0,0,0,0,0,0,0,26,0 );
INSERT INTO ACT_BLK VALUES ( 31,0,0,0,'','','',0,0,0,0,0,0,0,0,0,0,0,0,0,30,0 );
INSERT INTO ACT_BLK VALUES ( 35,0,0,0,'','','',0,0,0,0,0,0,0,0,0,0,0,0,0,34,0 );
INSERT INTO ACT_BLK VALUES ( 39,0,0,0,'','','',0,0,0,0,0,0,0,0,0,0,0,0,0,38,0 );
INSERT INTO ACT_BLK VALUES ( 43,0,0,0,'','','',0,0,0,0,0,0,0,0,0,0,0,0,0,42,0 );
INSERT INTO ACT_BLK VALUES ( 47,0,0,0,'','','',0,0,0,0,0,0,0,0,0,0,0,0,0,46,0 );
INSERT INTO ACT_BLK VALUES ( 51,0,0,0,'','','',0,0,0,0,0,0,0,0,0,0,0,0,0,50,0 );
INSERT INTO ACT_BLK VALUES ( 55,0,0,0,'','','',0,0,0,0,0,0,0,0,0,0,0,0,0,54,0 );
INSERT INTO ACT_BLK VALUES ( 73,0,0,0,'','','',0,0,0,0,0,0,0,0,0,0,0,0,0,72,0 );
INSERT INTO ACT_BLK VALUES ( 137,0,0,0,'','','',0,0,0,0,0,0,0,0,0,0,0,0,0,136,0 );
INSERT INTO ACT_BLK VALUES ( 143,0,0,0,'','','',0,0,0,0,0,0,0,0,0,0,0,0,0,142,0 );
INSERT INTO ACT_BLK VALUES ( 147,0,0,0,'','','',0,0,0,0,0,0,0,0,0,0,0,0,0,146,0 );
INSERT INTO ACT_BLK VALUES ( 152,0,0,0,'','','',0,0,0,0,0,0,0,0,0,0,0,0,0,151,0 );
INSERT INTO ACT_BLK VALUES ( 158,0,0,0,'','','',0,0,0,0,0,0,0,0,0,0,0,0,0,157,0 );
INSERT INTO ACT_BLK VALUES ( 162,0,0,0,'','','',0,0,0,0,0,0,0,0,0,0,0,0,0,161,0 );
INSERT INTO ACT_BLK VALUES ( 167,0,0,0,'','','',0,0,0,0,0,0,0,0,0,0,0,0,0,166,0 );
INSERT INTO ACT_BLK VALUES ( 171,0,0,0,'','','',0,0,0,0,0,0,0,0,0,0,0,0,0,170,0 );
INSERT INTO ACT_BLK VALUES ( 174,0,0,0,'','','',0,0,0,0,0,0,0,0,0,0,0,0,0,173,0 );
INSERT INTO ACT_BLK VALUES ( 183,0,0,0,'','','',0,0,0,0,0,0,0,0,0,0,0,0,0,182,0 );
INSERT INTO ACT_BLK VALUES ( 190,0,0,0,'','','',0,0,0,0,0,0,0,0,0,0,0,0,0,189,0 );
INSERT INTO ACT_BLK VALUES ( 195,0,0,0,'','','',0,0,0,0,0,0,0,0,0,0,0,0,0,194,0 );
INSERT INTO ACT_BLK VALUES ( 204,0,0,0,'','','',0,0,0,0,0,0,0,0,0,0,0,0,0,203,0 );
INSERT INTO ACT_BLK VALUES ( 208,0,0,0,'','','',0,0,0,0,0,0,0,0,0,0,0,0,0,207,0 );
INSERT INTO ACT_BLK VALUES ( 212,0,0,0,'','','',0,0,0,0,0,0,0,0,0,0,0,0,0,211,0 );
INSERT INTO ACT_BLK VALUES ( 216,0,0,0,'','','',0,0,0,0,0,0,0,0,0,0,0,0,0,215,0 );
INSERT INTO ACT_BLK VALUES ( 221,0,0,0,'','','',0,0,0,0,0,0,0,0,0,0,0,0,0,220,0 );
INSERT INTO ACT_BLK VALUES ( 226,0,0,0,'','','',0,0,0,0,0,0,0,0,0,0,0,0,0,225,0 );
INSERT INTO ACT_BLK VALUES ( 233,0,0,0,'','','',0,0,0,0,0,0,0,0,0,0,0,0,0,232,0 );
INSERT INTO ACT_BLK VALUES ( 240,0,0,0,'','','',0,0,0,0,0,0,0,0,0,0,0,0,0,239,0 );
INSERT INTO ACT_BLK VALUES ( 247,0,0,0,'','','',0,0,0,0,0,0,0,0,0,0,0,0,0,246,0 );
INSERT INTO ACT_BLK VALUES ( 254,0,0,0,'','','',0,0,0,0,0,0,0,0,0,0,0,0,0,253,0 );
INSERT INTO ACT_BLK VALUES ( 259,0,0,0,'','','',0,0,0,0,0,0,0,0,0,0,0,0,0,258,0 );
INSERT INTO ACT_BLK VALUES ( 264,0,0,0,'','','',0,0,0,0,0,0,0,0,0,0,0,0,0,263,0 );
INSERT INTO ACT_BLK VALUES ( 269,0,0,0,'','','',0,0,0,0,0,0,0,0,0,0,0,0,0,268,0 );
INSERT INTO ACT_BLK VALUES ( 272,0,0,0,'','','',0,0,0,0,0,0,0,0,0,0,0,0,0,271,0 );
INSERT INTO ACT_BLK VALUES ( 275,0,0,0,'','','',0,0,0,0,0,0,0,0,0,0,0,0,0,274,0 );
INSERT INTO ACT_BLK VALUES ( 278,0,0,0,'','','',0,0,0,0,0,0,0,0,0,0,0,0,0,277,0 );
INSERT INTO ACT_BLK VALUES ( 281,0,0,0,'','','',0,0,0,0,0,0,0,0,0,0,0,0,0,280,0 );
INSERT INTO ACT_BLK VALUES ( 284,0,0,0,'','','',0,0,0,0,0,0,0,0,0,0,0,0,0,283,0 );
INSERT INTO ACT_ACT VALUES ( 22,'interface operation',0,23,0,0,'SAC_port::SAC_if::user_logon',0 );
INSERT INTO ACT_ACT VALUES ( 26,'interface operation',0,27,0,0,'SAC_port::SAC_if::user_logoff',0 );
INSERT INTO ACT_ACT VALUES ( 30,'interface operation',0,31,0,0,'SAC_port::SAC_if::add_group',0 );
INSERT INTO ACT_ACT VALUES ( 34,'interface operation',0,35,0,0,'SAC_port::SAC_if::add_operation_to_group',0 );
INSERT INTO ACT_ACT VALUES ( 38,'interface operation',0,39,0,0,'SAC_port::SAC_if::session_active',0 );
INSERT INTO ACT_ACT VALUES ( 42,'interface operation',0,43,0,0,'SAC_port::SAC_if::delete_group',0 );
INSERT INTO ACT_ACT VALUES ( 46,'interface operation',0,47,0,0,'SAC_port::SAC_if::delete_group_operation',0 );
INSERT INTO ACT_ACT VALUES ( 50,'interface operation',0,51,0,0,'SAC_port::SAC_if::populate_domain',0 );
INSERT INTO ACT_ACT VALUES ( 54,'interface operation',0,55,0,0,'SAC_port::SAC_if::resend_infos',0 );
INSERT INTO ACT_ACT VALUES ( 72,'operation',0,73,0,0,'Session::delete_session',0 );
INSERT INTO ACT_ACT VALUES ( 136,'function',0,137,0,0,'user_logon',0 );
INSERT INTO ACT_ACT VALUES ( 142,'function',0,143,0,0,'user_logoff',0 );
INSERT INTO ACT_ACT VALUES ( 146,'function',0,147,0,0,'add_group',0 );
INSERT INTO ACT_ACT VALUES ( 151,'function',0,152,0,0,'add_operation_to_group',0 );
INSERT INTO ACT_ACT VALUES ( 157,'function',0,158,0,0,'session_active',0 );
INSERT INTO ACT_ACT VALUES ( 161,'function',0,162,0,0,'delete_group',0 );
INSERT INTO ACT_ACT VALUES ( 166,'function',0,167,0,0,'delete_group_operation',0 );
INSERT INTO ACT_ACT VALUES ( 170,'function',0,171,0,0,'populate_domain',0 );
INSERT INTO ACT_ACT VALUES ( 173,'function',0,174,0,0,'resend_infos',0 );
INSERT INTO ACT_ACT VALUES ( 182,'function',0,183,0,0,'login_valid',0 );
INSERT INTO ACT_ACT VALUES ( 189,'function',0,190,0,0,'report_user',0 );
INSERT INTO ACT_ACT VALUES ( 194,'function',0,195,0,0,'user_removed',0 );
INSERT INTO ACT_ACT VALUES ( 203,'function',0,204,0,0,'report_user_session',0 );
INSERT INTO ACT_ACT VALUES ( 207,'function',0,208,0,0,'user_session_deleted',0 );
INSERT INTO ACT_ACT VALUES ( 211,'function',0,212,0,0,'report_group',0 );
INSERT INTO ACT_ACT VALUES ( 215,'function',0,216,0,0,'group_deleted',0 );
INSERT INTO ACT_ACT VALUES ( 220,'function',0,221,0,0,'report_group_operation',0 );
INSERT INTO ACT_ACT VALUES ( 225,'function',0,226,0,0,'group_operation_removed',0 );
INSERT INTO ACT_ACT VALUES ( 232,'function',0,233,0,0,'report_user_operation',0 );
INSERT INTO ACT_ACT VALUES ( 239,'function',0,240,0,0,'user_operation_removed',0 );
INSERT INTO ACT_ACT VALUES ( 246,'function',0,247,0,0,'report_user_group',0 );
INSERT INTO ACT_ACT VALUES ( 253,'function',0,254,0,0,'user_group_removed',0 );
INSERT INTO ACT_ACT VALUES ( 258,'function',0,259,0,0,'raise_notification',0 );
INSERT INTO ACT_ACT VALUES ( 263,'function',0,264,0,0,'get_groups',0 );
INSERT INTO ACT_ACT VALUES ( 268,'function',0,269,0,0,'get_session_specification',0 );
INSERT INTO ACT_ACT VALUES ( 271,'function',0,272,0,0,'reload_config_files',0 );
INSERT INTO ACT_ACT VALUES ( 274,'function',0,275,0,0,'populate_domain_1',0 );
INSERT INTO ACT_ACT VALUES ( 277,'function',0,278,0,0,'soa_subscribe_2',0 );
INSERT INTO ACT_ACT VALUES ( 280,'function',0,281,0,0,'resend_infos_3',0 );
INSERT INTO ACT_ACT VALUES ( 283,'function',0,284,0,0,'test_SAC_1',0 );
INSERT INTO ACT_FNB VALUES ( 136,129 );
INSERT INTO ACT_FNB VALUES ( 142,138 );
INSERT INTO ACT_FNB VALUES ( 146,144 );
INSERT INTO ACT_FNB VALUES ( 151,148 );
INSERT INTO ACT_FNB VALUES ( 157,153 );
INSERT INTO ACT_FNB VALUES ( 161,159 );
INSERT INTO ACT_FNB VALUES ( 166,163 );
INSERT INTO ACT_FNB VALUES ( 170,168 );
INSERT INTO ACT_FNB VALUES ( 173,172 );
INSERT INTO ACT_FNB VALUES ( 182,175 );
INSERT INTO ACT_FNB VALUES ( 189,184 );
INSERT INTO ACT_FNB VALUES ( 194,191 );
INSERT INTO ACT_FNB VALUES ( 203,196 );
INSERT INTO ACT_FNB VALUES ( 207,205 );
INSERT INTO ACT_FNB VALUES ( 211,209 );
INSERT INTO ACT_FNB VALUES ( 215,213 );
INSERT INTO ACT_FNB VALUES ( 220,217 );
INSERT INTO ACT_FNB VALUES ( 225,222 );
INSERT INTO ACT_FNB VALUES ( 232,227 );
INSERT INTO ACT_FNB VALUES ( 239,234 );
INSERT INTO ACT_FNB VALUES ( 246,241 );
INSERT INTO ACT_FNB VALUES ( 253,248 );
INSERT INTO ACT_FNB VALUES ( 258,255 );
INSERT INTO ACT_FNB VALUES ( 263,260 );
INSERT INTO ACT_FNB VALUES ( 268,265 );
INSERT INTO ACT_FNB VALUES ( 271,270 );
INSERT INTO ACT_FNB VALUES ( 274,273 );
INSERT INTO ACT_FNB VALUES ( 277,276 );
INSERT INTO ACT_FNB VALUES ( 280,279 );
INSERT INTO ACT_FNB VALUES ( 283,282 );
INSERT INTO ACT_OPB VALUES ( 72,71 );
INSERT INTO ACT_POB VALUES ( 22,20 );
INSERT INTO ACT_POB VALUES ( 26,24 );
INSERT INTO ACT_POB VALUES ( 30,28 );
INSERT INTO ACT_POB VALUES ( 34,32 );
INSERT INTO ACT_POB VALUES ( 38,36 );
INSERT INTO ACT_POB VALUES ( 42,40 );
INSERT INTO ACT_POB VALUES ( 46,44 );
INSERT INTO ACT_POB VALUES ( 50,48 );
INSERT INTO ACT_POB VALUES ( 54,52 );
INSERT INTO PE_PE VALUES ( 3,1,2,0,2 );
INSERT INTO PE_PE VALUES ( 5,1,2,0,2 );
INSERT INTO PE_PE VALUES ( 6,1,2,0,2 );
INSERT INTO PE_PE VALUES ( 7,1,2,0,2 );
INSERT INTO PE_PE VALUES ( 8,1,2,0,2 );
INSERT INTO PE_PE VALUES ( 9,1,2,0,2 );
INSERT INTO PE_PE VALUES ( 10,1,2,0,2 );
INSERT INTO PE_PE VALUES ( 11,1,2,0,2 );
INSERT INTO PE_PE VALUES ( 12,1,2,0,2 );
INSERT INTO PE_PE VALUES ( 13,1,2,0,2 );
INSERT INTO PE_PE VALUES ( 14,1,2,0,2 );
INSERT INTO PE_PE VALUES ( 16,1,15,0,3 );
INSERT INTO PE_PE VALUES ( 56,1,0,16,6 );
INSERT INTO PE_PE VALUES ( 57,1,56,0,1 );
INSERT INTO PE_PE VALUES ( 61,1,56,0,1 );
INSERT INTO PE_PE VALUES ( 64,1,56,0,1 );
INSERT INTO PE_PE VALUES ( 67,1,56,0,1 );
INSERT INTO PE_PE VALUES ( 70,1,56,0,1 );
INSERT INTO PE_PE VALUES ( 90,1,56,0,1 );
INSERT INTO PE_PE VALUES ( 95,1,56,0,1 );
INSERT INTO PE_PE VALUES ( 101,1,56,0,1 );
INSERT INTO PE_PE VALUES ( 104,1,56,0,1 );
INSERT INTO PE_PE VALUES ( 107,1,56,0,8 );
INSERT INTO PE_PE VALUES ( 111,1,56,0,8 );
INSERT INTO PE_PE VALUES ( 115,1,56,0,8 );
INSERT INTO PE_PE VALUES ( 119,1,56,0,8 );
INSERT INTO PE_PE VALUES ( 122,1,56,0,8 );
INSERT INTO PE_PE VALUES ( 126,1,0,16,6 );
INSERT INTO PE_PE VALUES ( 100,1,126,0,2 );
INSERT INTO PE_PE VALUES ( 127,1,126,0,2 );
INSERT INTO PE_PE VALUES ( 128,1,0,16,6 );
INSERT INTO PE_PE VALUES ( 129,1,128,0,0 );
INSERT INTO PE_PE VALUES ( 138,1,128,0,0 );
INSERT INTO PE_PE VALUES ( 144,1,128,0,0 );
INSERT INTO PE_PE VALUES ( 148,1,128,0,0 );
INSERT INTO PE_PE VALUES ( 153,1,128,0,0 );
INSERT INTO PE_PE VALUES ( 159,1,128,0,0 );
INSERT INTO PE_PE VALUES ( 163,1,128,0,0 );
INSERT INTO PE_PE VALUES ( 168,1,128,0,0 );
INSERT INTO PE_PE VALUES ( 172,1,128,0,0 );
INSERT INTO PE_PE VALUES ( 175,1,128,0,0 );
INSERT INTO PE_PE VALUES ( 184,1,128,0,0 );
INSERT INTO PE_PE VALUES ( 191,1,128,0,0 );
INSERT INTO PE_PE VALUES ( 196,1,128,0,0 );
INSERT INTO PE_PE VALUES ( 205,1,128,0,0 );
INSERT INTO PE_PE VALUES ( 209,1,128,0,0 );
INSERT INTO PE_PE VALUES ( 213,1,128,0,0 );
INSERT INTO PE_PE VALUES ( 217,1,128,0,0 );
INSERT INTO PE_PE VALUES ( 222,1,128,0,0 );
INSERT INTO PE_PE VALUES ( 227,1,128,0,0 );
INSERT INTO PE_PE VALUES ( 234,1,128,0,0 );
INSERT INTO PE_PE VALUES ( 241,1,128,0,0 );
INSERT INTO PE_PE VALUES ( 248,1,128,0,0 );
INSERT INTO PE_PE VALUES ( 255,1,128,0,0 );
INSERT INTO PE_PE VALUES ( 260,1,128,0,0 );
INSERT INTO PE_PE VALUES ( 265,1,128,0,0 );
INSERT INTO PE_PE VALUES ( 270,1,128,0,0 );
INSERT INTO PE_PE VALUES ( 273,1,128,0,0 );
INSERT INTO PE_PE VALUES ( 276,1,128,0,0 );
INSERT INTO PE_PE VALUES ( 279,1,128,0,0 );
INSERT INTO PE_PE VALUES ( 282,1,128,0,0 );
INSERT INTO PE_PE VALUES ( 285,1,15,0,6 );
INSERT INTO PE_PE VALUES ( 19,1,285,0,5 );
INSERT INTO PE_PE VALUES ( 59,1,285,0,2 );
INSERT INTO PE_PE VALUES ( 135,1,285,0,2 );
INSERT INTO PE_PE VALUES ( 286,1,285,0,2 );
INSERT INTO PE_PE VALUES ( 76,1,285,0,2 );
INSERT INTO PE_PE VALUES ( 262,1,285,0,2 );
INSERT INTO PE_PE VALUES ( 93,1,285,0,2 );
INSERT INTO PE_PE VALUES ( 78,1,285,0,2 );
INSERT INTO PE_PE VALUES ( 287,1,0,0,3 );
INSERT INTO PE_PE VALUES ( 288,1,0,0,3 );
INSERT INTO PE_PE VALUES ( 289,1,0,0,3 );
INSERT INTO PE_PE VALUES ( 290,1,0,0,3 );
INSERT INTO PE_PE VALUES ( 291,1,0,0,3 );
INSERT INTO PE_PE VALUES ( 292,1,0,0,3 );
INSERT INTO PE_PE VALUES ( 293,1,0,0,3 );
INSERT INTO PE_PE VALUES ( 294,1,0,0,3 );
INSERT INTO PE_PE VALUES ( 295,1,0,0,3 );
INSERT INTO PE_PE VALUES ( 296,1,0,0,3 );
INSERT INTO PE_PE VALUES ( 297,1,0,0,3 );
INSERT INTO PE_PE VALUES ( 298,1,0,0,3 );
INSERT INTO PE_PE VALUES ( 299,1,0,0,3 );
INSERT INTO PE_PE VALUES ( 300,1,0,0,3 );
INSERT INTO PE_PE VALUES ( 301,1,0,0,3 );
INSERT INTO PE_PE VALUES ( 302,1,0,0,3 );
INSERT INTO PE_PE VALUES ( 303,1,0,0,3 );
INSERT INTO PE_PE VALUES ( 4,1,0,0,3 );
INSERT INTO S_DT VALUES ( 3,0,'void','','' );
INSERT INTO S_DT VALUES ( 5,0,'character','','' );
INSERT INTO S_DT VALUES ( 6,0,'wcharacter','','' );
INSERT INTO S_DT VALUES ( 7,0,'boolean','','' );
INSERT INTO S_DT VALUES ( 8,0,'byte','','' );
INSERT INTO S_DT VALUES ( 9,0,'string','','' );
INSERT INTO S_DT VALUES ( 10,0,'wstring','','' );
INSERT INTO S_DT VALUES ( 11,0,'device','','' );
INSERT INTO S_DT VALUES ( 12,0,'enum','','' );
INSERT INTO S_DT VALUES ( 13,0,'event','','' );
INSERT INTO S_DT VALUES ( 14,0,'instance','','' );
INSERT INTO S_DT VALUES ( 100,0,'logged_on_type','enum (logged_on%2C%0A                                       suspect)','' );
INSERT INTO S_DT VALUES ( 127,0,'group_type','structure%0A    group_name      : string;%0A    operation_names : sequence of string;%0A  end structure','' );
INSERT INTO S_DT VALUES ( 59,0,'integer','','' );
INSERT INTO S_DT VALUES ( 135,0,'sequence of string','','' );
INSERT INTO S_DT VALUES ( 286,0,'logged_on_type','','' );
INSERT INTO S_DT VALUES ( 76,0,'timestamp','','' );
INSERT INTO S_DT VALUES ( 262,0,'sequence of group_type','','' );
INSERT INTO S_DT VALUES ( 93,0,'duration','','' );
INSERT INTO S_DT VALUES ( 78,0,'timer','','' );
INSERT INTO S_DT VALUES ( 287,0,'void','','' );
INSERT INTO S_DT VALUES ( 288,0,'boolean','','' );
INSERT INTO S_DT VALUES ( 289,0,'integer','','' );
INSERT INTO S_DT VALUES ( 290,0,'real','','' );
INSERT INTO S_DT VALUES ( 291,0,'string','','' );
INSERT INTO S_DT VALUES ( 292,0,'unique_id','','' );
INSERT INTO S_DT VALUES ( 293,0,'state<State_Model>','','' );
INSERT INTO S_DT VALUES ( 294,0,'same_as<Base_Attribute>','','' );
INSERT INTO S_DT VALUES ( 295,0,'inst_ref<Object>','','' );
INSERT INTO S_DT VALUES ( 296,0,'inst_ref_set<Object>','','' );
INSERT INTO S_DT VALUES ( 297,0,'inst<Event>','','' );
INSERT INTO S_DT VALUES ( 298,0,'inst<Mapping>','','' );
INSERT INTO S_DT VALUES ( 299,0,'inst_ref<Mapping>','','' );
INSERT INTO S_DT VALUES ( 300,0,'component_ref','','' );
INSERT INTO S_DT VALUES ( 301,0,'date','','' );
INSERT INTO S_DT VALUES ( 302,0,'inst_ref<Timer>','','' );
INSERT INTO S_DT VALUES ( 303,0,'timestamp','','' );
INSERT INTO S_DT VALUES ( 4,0,'MASLtype','','' );
